{
  "comparisons": [
    {
      "authored_strength": 0.4789589874086955,
      "authored_x": 21.93846153846154,
      "authored_y": 0.0,
      "cpp": {
        "distance_to_authored": 6.763301599123763,
        "strength": 3.8187255287395745,
        "x": 28.0,
        "y": 3.0
      },
      "feature_index": 0,
      "kind": "constriction",
      "location_delta": 0.0,
      "pyclaw": {
        "distance_to_authored": 6.763301599123763,
        "strength": 3.818725528739582,
        "x": 28.0,
        "y": 3.0
      },
      "reference": {
        "distance_to_authored": 6.763301599123763,
        "strength": 3.818725528739582,
        "x": 28.0,
        "y": 3.0
      },
      "reference_solver": "geoclaw",
      "strength_delta": -7.549516567451064e-15
    },
    {
      "authored_strength": 0.541725164746183,
      "authored_x": 29.93846153846154,
      "authored_y": 0.0,
      "cpp": {
        "distance_to_authored": 6.1434720248984656,
        "strength": 0.761957932120565,
        "x": 36.0,
        "y": -1.0
      },
      "feature_index": 1,
      "kind": "wave_train",
      "location_delta": 0.0,
      "pyclaw": {
        "distance_to_authored": 6.1434720248984656,
        "strength": 0.7619579321205647,
        "x": 36.0,
        "y": -1.0
      },
      "reference": {
        "distance_to_authored": 6.1434720248984656,
        "strength": 0.7619579321205647,
        "x": 36.0,
        "y": -1.0
      },
      "reference_solver": "geoclaw",
      "strength_delta": 2.220446049250313e-16
    },
    {
      "authored_strength": 0.4840346784,
      "authored_x": 44.83076923076923,
      "authored_y": 0.0,
      "cpp": {
        "distance_to_authored": 6.952433484827217,
        "strength": 4.819956663557836,
        "x": 40.0,
        "y": 5.0
      },
      "feature_index": 2,
      "kind": "constriction",
      "location_delta": 0.0,
      "pyclaw": {
        "distance_to_authored": 6.952433484827217,
        "strength": 4.81995666355784,
        "x": 40.0,
        "y": 5.0
      },
      "reference": {
        "distance_to_authored": 6.952433484827217,
        "strength": 4.81995666355784,
        "x": 40.0,
        "y": 5.0
      },
      "reference_solver": "geoclaw",
      "strength_delta": -4.440892098500626e-15
    },
    {
      "authored_strength": 0.5474660102272156,
      "authored_x": 52.83076923076923,
      "authored_y": 0.0,
      "cpp": {
        "distance_to_authored": 7.0491260107046525,
        "strength": 1.8958634469774172,
        "x": 52.0,
        "y": 7.0
      },
      "feature_index": 3,
      "kind": "wave_train",
      "location_delta": 0.0,
      "pyclaw": {
        "distance_to_authored": 7.0491260107046525,
        "strength": 1.8958634469774178,
        "x": 52.0,
        "y": 7.0
      },
      "reference": {
        "distance_to_authored": 7.0491260107046525,
        "strength": 1.8958634469774178,
        "x": 52.0,
        "y": 7.0
      },
      "reference_solver": "geoclaw",
      "strength_delta": -6.661338147750939e-16
    },
    {
      "authored_strength": 0.4368531059603606,
      "authored_x": 69.63076923076923,
      "authored_y": 0.0,
      "cpp": {
        "distance_to_authored": 3.4145875715851357,
        "strength": 3.3807862339293617,
        "x": 68.0,
        "y": 3.0
      },
      "feature_index": 4,
      "kind": "rock",
      "location_delta": 0.0,
      "pyclaw": {
        "distance_to_authored": 3.4145875715851357,
        "strength": 3.3807862339293573,
        "x": 68.0,
        "y": 3.0
      },
      "reference": {
        "distance_to_authored": 3.4145875715851357,
        "strength": 3.3807862339293573,
        "x": 68.0,
        "y": 3.0
      },
      "reference_solver": "geoclaw",
      "strength_delta": 4.440892098500626e-15
    },
    {
      "authored_strength": 0.49410143043066246,
      "authored_x": 77.63076923076923,
      "authored_y": 0.0,
      "cpp": {
        "distance_to_authored": 1.912957993272114,
        "strength": 2.450092864005317,
        "x": 76.0,
        "y": 1.0
      },
      "feature_index": 5,
      "kind": "wave_train",
      "location_delta": 0.0,
      "pyclaw": {
        "distance_to_authored": 1.912957993272114,
        "strength": 2.4500928640053177,
        "x": 76.0,
        "y": 1.0
      },
      "reference": {
        "distance_to_authored": 1.912957993272114,
        "strength": 2.4500928640053177,
        "x": 76.0,
        "y": 1.0
      },
      "reference_solver": "geoclaw",
      "strength_delta": -8.881784197001252e-16
    },
    {
      "authored_strength": 0.44543891083320564,
      "authored_x": 96.57692307692308,
      "authored_y": 0.0,
      "cpp": {
        "distance_to_authored": 4.684893259410617,
        "strength": 3.8159954908342253,
        "x": 92.0,
        "y": 1.0
      },
      "feature_index": 6,
      "kind": "constriction",
      "location_delta": 0.0,
      "pyclaw": {
        "distance_to_authored": 4.684893259410617,
        "strength": 3.8159954908342324,
        "x": 92.0,
        "y": 1.0
      },
      "reference": {
        "distance_to_authored": 4.684893259410617,
        "strength": 3.8159954908342324,
        "x": 92.0,
        "y": 1.0
      },
      "reference_solver": "geoclaw",
      "strength_delta": -7.105427357601002e-15
    },
    {
      "authored_strength": 0.5038123799722601,
      "authored_x": 104.57692307692308,
      "authored_y": 0.0,
      "cpp": {
        "distance_to_authored": 8.635022262128551,
        "strength": 2.3458272368308983,
        "x": 96.0,
        "y": 1.0
      },
      "feature_index": 7,
      "kind": "wave_train",
      "location_delta": 0.0,
      "pyclaw": {
        "distance_to_authored": 8.635022262128551,
        "strength": 2.3458272368309023,
        "x": 96.0,
        "y": 1.0
      },
      "reference": {
        "distance_to_authored": 8.635022262128551,
        "strength": 2.3458272368309023,
        "x": 96.0,
        "y": 1.0
      },
      "reference_solver": "geoclaw",
      "strength_delta": -3.9968028886505635e-15
    }
  ],
  "feature_count": 8,
  "max_abs_strength_delta": 7.549516567451064e-15,
  "max_location_delta": 0.0,
  "scenario_id": "american_south_fork_chili_bar_to_coloma_high_runnable_advanced"
}