time,h,eta,u,v,hu,hv,wet,froude
0.0,1.4713510274887085,0.821100542569546,2.803978452815443,0.0402537774293185,4.125636577606201,0.059227436780929565,1.0,0.7381196511775927
2.0,1.4879825115203857,0.8377320266012233,2.577867573907023,0.3137047550164227,3.8358218669891357,0.466787189245224,1.0,0.6797031883057891
4.0,2.363558530807495,1.7133080458883327,0.8850897308241715,0.2370373762682601,2.09196138381958,0.5602517127990723,1.0,0.19028778615145903
6.0,2.081285238265991,1.4310347533468288,0.9821551941493386,0.5026075248154457,2.044145107269287,1.046069622039795,1.0,0.24416778521723315
8.0,2.201078176498413,1.5508276915792507,0.38094336855397715,-0.12932676169203372,0.8384861350059509,-0.2846583127975464,1.0,0.08657551289536579
