time,h,eta,u,v,hu,hv,wet,froude
0.0,1.4540570974349976,1.4039154109176808,2.70804618809651,0.8907174945060531,3.9376537799835205,1.295154094696045,1.0,0.754808887574809
2.0,1.7133010625839233,1.6631593760666066,2.4114661272367903,1.6397183425709516,4.131567478179932,2.809331178665161,1.0,0.711305759526534
4.0,1.3483319282531738,1.298190241735857,2.6826296470894455,0.20416925567704994,3.617075204849243,0.275287926197052,1.0,0.7397449068724926
6.0,1.3884133100509644,1.3382716235336476,2.513257355741099,-0.49372508715872226,3.4894399642944336,-0.6854944825172424,1.0,0.6940097082586114
8.0,1.4745343923568726,1.4243927058395558,2.1193657744813343,-0.23449385660018832,3.125077724456787,-0.3457692563533783,1.0,0.560642644335566
