time,h,eta,u,v,hu,hv,wet,froude
0.0,0.0,2.813421850537759,0.0,0.0,0.0,0.0,0.0,0.0
2.0,0.06267458945512772,2.8760964399928866,0.6565422707759032,-0.36151877410012623,0.04114851728081703,-0.02265804074704647,1.0,0.9558479327322625
4.0,0.050639595836400986,2.86406144637416,0.05370119814207756,0.1959427483636804,0.002719406969845295,0.009922461584210396,1.0,0.2882547277780341
6.0,0.030095724388957024,2.843517574926716,-0.042117817562213604,0.09180915244475343,-0.0012675662292167544,0.002763062948361039,1.0,0.1858974544674614
8.0,0.022448932752013206,2.835870783289772,0.01919987611783728,0.06291868984853279,0.0004310167278163135,0.0014124574372544885,1.0,0.1401783699007841
