time,h,eta,u,v,hu,hv,wet,froude
0.0,1.5082204341888428,1.1785895017986874,3.731726930485375,-0.1618718912698281,5.62826681137085,-0.24413849413394928,1.0,0.9710713456897255
2.0,1.8940736055374146,1.5644426731472592,3.2647675782969734,-1.2269713942180454,6.183710098266602,-2.323974132537842,1.0,0.8091112540671188
4.0,1.5669883489608765,1.237357416570721,3.358041867496254,-0.38555267762259154,5.262012481689453,-0.6041565537452698,1.0,0.8621097218281208
6.0,1.381438970565796,1.0518080381756405,2.7240870356867024,-0.45460945691146715,3.763159990310669,-0.6280152201652527,1.0,0.750214798236998
8.0,1.7601033449172974,1.430472412527142,2.904887205848877,0.055113314306570814,5.11290168762207,0.09700512886047363,1.0,0.6992038907248113
