time,h,eta,u,v,hu,hv,wet,froude
0.0,1.1748627424240112,0.9529206883395098,2.6637482176129117,0.5033520495181201,3.1295385360717773,0.5913695693016052,1.0,0.7985160079724319
2.0,1.1788861751556396,0.9569441210711382,1.896739417308595,-0.1664235903884778,2.236039876937866,-0.19619446992874146,1.0,0.5598898138740049
4.0,1.186507225036621,0.9645651709521197,1.8177715503764438,0.572727522077446,2.156799077987671,0.6795453429222107,1.0,0.5586268029084086
6.0,1.3721131086349487,1.1501710545504473,2.4218526324532355,0.15221281595785413,3.3230557441711426,0.20885320007801056,1.0,0.661415417927683
8.0,1.1048729419708252,0.8829308878863238,2.2227679027088545,0.31059365932173877,2.455876111984253,0.3431665301322937,1.0,0.6817143570996453
