time,h,eta,u,v,hu,hv,wet,froude
0.0,1.460875153541565,0.27410607762870387,2.690421453500038,0.5438396782820384,3.9303698539733887,0.7944818735122681,1.0,0.7250625540452771
2.0,1.4716923236846924,0.2849232477718313,2.613648105172351,0.4516485425804649,3.8464858531951904,0.6646876931190491,1.0,0.6980611097388391
4.0,1.6975373029708862,0.5107682270580252,2.8076889179931848,0.2067723784627431,4.7661566734313965,0.35100382566452026,1.0,0.6898892167867235
6.0,1.4619637727737427,0.2751946968608816,2.7318959859313243,0.3006129564139,3.9939329624176025,0.43948525190353394,1.0,0.725729650997026
8.0,1.358380913734436,0.17161183782157496,2.6363476723190367,0.2515358591653741,3.5811643600463867,0.34168151021003723,1.0,0.7254795704561682
