{
  "comparisons": [
    {
      "authored_strength": 0.8484,
      "authored_x": 55.31889134730539,
      "authored_y": 0.0,
      "cpp": {
        "distance_to_authored": 5.046177662030487,
        "strength": 3.1696644904052125,
        "x": 56.0,
        "y": 5.0
      },
      "feature_index": 0,
      "kind": "constriction",
      "location_delta": 0.0,
      "pyclaw": {
        "distance_to_authored": 5.046177662030487,
        "strength": 3.169664490405217,
        "x": 56.0,
        "y": 5.0
      },
      "reference": {
        "distance_to_authored": 5.046177662030487,
        "strength": 3.169664490405217,
        "x": 56.0,
        "y": 5.0
      },
      "reference_solver": "geoclaw",
      "strength_delta": -4.440892098500626e-15
    },
    {
      "authored_strength": 0.6292548823907798,
      "authored_x": 67.83170946796935,
      "authored_y": 0.0,
      "cpp": {
        "distance_to_authored": 5.1356251770759505,
        "strength": 4.9808842600673335,
        "x": 72.0,
        "y": 3.0
      },
      "feature_index": 1,
      "kind": "ledge",
      "location_delta": 0.0,
      "pyclaw": {
        "distance_to_authored": 5.1356251770759505,
        "strength": 4.980884260067357,
        "x": 72.0,
        "y": 3.0
      },
      "reference": {
        "distance_to_authored": 5.1356251770759505,
        "strength": 4.980884260067357,
        "x": 72.0,
        "y": 3.0
      },
      "reference_solver": "geoclaw",
      "strength_delta": -2.3092638912203256e-14
    },
    {
      "authored_strength": 0.7323500000000001,
      "authored_x": 80.84967405237231,
      "authored_y": 0.0,
      "cpp": {
        "distance_to_authored": 3.3052312439973575,
        "strength": 0.21691586077213326,
        "x": 84.0,
        "y": 1.0
      },
      "feature_index": 2,
      "kind": "hole",
      "location_delta": 0.0,
      "pyclaw": {
        "distance_to_authored": 3.3052312439973575,
        "strength": 0.21691586077213287,
        "x": 84.0,
        "y": 1.0
      },
      "reference": {
        "distance_to_authored": 3.3052312439973575,
        "strength": 0.21691586077213287,
        "x": 84.0,
        "y": 1.0
      },
      "reference_solver": "geoclaw",
      "strength_delta": 3.885780586188048e-16
    },
    {
      "authored_strength": 0.6869999999999999,
      "authored_x": 103.99378451109399,
      "authored_y": 0.0,
      "cpp": {
        "distance_to_authored": 6.407008860892141,
        "strength": 2.360875319243193,
        "x": 108.0,
        "y": -5.0
      },
      "feature_index": 3,
      "kind": "wave_train",
      "location_delta": 0.0,
      "pyclaw": {
        "distance_to_authored": 6.407008860892141,
        "strength": 2.360875319243197,
        "x": 108.0,
        "y": -5.0
      },
      "reference": {
        "distance_to_authored": 6.407008860892141,
        "strength": 2.360875319243197,
        "x": 108.0,
        "y": -5.0
      },
      "reference_solver": "geoclaw",
      "strength_delta": -3.9968028886505635e-15
    },
    {
      "authored_strength": 0.5456000000000001,
      "authored_x": 134.9565314814312,
      "authored_y": 6.849197144195559,
      "cpp": {
        "distance_to_authored": 3.6560950924764386,
        "strength": 2.983287973844754,
        "x": 132.0,
        "y": 9.0
      },
      "feature_index": 4,
      "kind": "eddy_line",
      "location_delta": 0.0,
      "pyclaw": {
        "distance_to_authored": 3.6560950924764386,
        "strength": 2.983287973844765,
        "x": 132.0,
        "y": 9.0
      },
      "reference": {
        "distance_to_authored": 3.6560950924764386,
        "strength": 2.983287973844765,
        "x": 132.0,
        "y": 9.0
      },
      "reference_solver": "geoclaw",
      "strength_delta": -1.1102230246251565e-14
    },
    {
      "authored_strength": 0.4042,
      "authored_x": 140.10900279920676,
      "authored_y": -3.4245985720977794,
      "cpp": {
        "distance_to_authored": 3.914095446461197,
        "strength": 1.7743254816826586,
        "x": 144.0,
        "y": -3.0
      },
      "feature_index": 5,
      "kind": "boil",
      "location_delta": 0.0,
      "pyclaw": {
        "distance_to_authored": 3.914095446461197,
        "strength": 1.7743254816826608,
        "x": 144.0,
        "y": -3.0
      },
      "reference": {
        "distance_to_authored": 3.914095446461197,
        "strength": 1.7743254816826608,
        "x": 144.0,
        "y": -3.0
      },
      "reference_solver": "geoclaw",
      "strength_delta": -2.220446049250313e-15
    },
    {
      "authored_strength": 0.78025,
      "authored_x": 154.57842817742107,
      "authored_y": 5.75317792974149,
      "cpp": {
        "distance_to_authored": 3.0985246746743855,
        "strength": 5.373173770685332,
        "x": 156.0,
        "y": 3.0
      },
      "feature_index": 6,
      "kind": "rock",
      "location_delta": 0.0,
      "pyclaw": {
        "distance_to_authored": 3.0985246746743855,
        "strength": 5.373173770685375,
        "x": 156.0,
        "y": 3.0
      },
      "reference": {
        "distance_to_authored": 3.0985246746743855,
        "strength": 5.373173770685375,
        "x": 156.0,
        "y": 3.0
      },
      "reference_solver": "geoclaw",
      "strength_delta": -4.263256414560601e-14
    },
    {
      "authored_strength": 0.78025,
      "authored_x": 161.68216426612545,
      "authored_y": 2.9970909061486144,
      "cpp": {
        "distance_to_authored": 1.6821667815815482,
        "strength": 6.428422528000301,
        "x": 160.0,
        "y": 3.0
      },
      "feature_index": 7,
      "kind": "rock",
      "location_delta": 0.0,
      "pyclaw": {
        "distance_to_authored": 1.6821667815815482,
        "strength": 6.428422528000351,
        "x": 160.0,
        "y": 3.0
      },
      "reference": {
        "distance_to_authored": 1.6821667815815482,
        "strength": 6.428422528000351,
        "x": 160.0,
        "y": 3.0
      },
      "reference_solver": "geoclaw",
      "strength_delta": -5.062616992290714e-14
    },
    {
      "authored_strength": 0.78025,
      "authored_x": 168.2750663302577,
      "authored_y": -2.210820196385029,
      "cpp": {
        "distance_to_authored": 2.8027103779975335,
        "strength": 7.512173204246522,
        "x": 168.0,
        "y": -5.0
      },
      "feature_index": 8,
      "kind": "rock",
      "location_delta": 0.0,
      "pyclaw": {
        "distance_to_authored": 2.8027103779975335,
        "strength": 7.512173204246578,
        "x": 168.0,
        "y": -5.0
      },
      "reference": {
        "distance_to_authored": 2.8027103779975335,
        "strength": 7.512173204246578,
        "x": 168.0,
        "y": -5.0
      },
      "reference_solver": "geoclaw",
      "strength_delta": -5.595524044110789e-14
    },
    {
      "authored_strength": 0.78025,
      "authored_x": 174.45826842992133,
      "authored_y": 2.2589130421907933,
      "cpp": {
        "distance_to_authored": 3.1449155703212393,
        "strength": 6.582307425114494,
        "x": 176.0,
        "y": 5.0
      },
      "feature_index": 9,
      "kind": "rock",
      "location_delta": 0.0,
      "pyclaw": {
        "distance_to_authored": 3.1449155703212393,
        "strength": 6.582307425114544,
        "x": 176.0,
        "y": 5.0
      },
      "reference": {
        "distance_to_authored": 3.1449155703212393,
        "strength": 6.582307425114544,
        "x": 176.0,
        "y": 5.0
      },
      "reference_solver": "geoclaw",
      "strength_delta": -4.973799150320701e-14
    },
    {
      "authored_strength": 0.78025,
      "authored_x": 181.0141858282263,
      "authored_y": 3.6922549760887238,
      "cpp": {
        "distance_to_authored": 1.6549229413298214,
        "strength": 6.137606045356295,
        "x": 180.0,
        "y": 5.0
      },
      "feature_index": 10,
      "kind": "rock",
      "location_delta": 0.0,
      "pyclaw": {
        "distance_to_authored": 1.6549229413298214,