{
  "cross_sections": [
    {
      "center": {
        "x": 71.15450027219583,
        "y": -0.09676600483791399
      },
      "column": 18,
      "drop_transition_id": "ledge_drop_001",
      "length_m": 16.77984146441335,
      "mass_flux_proxy_m3_s": 44.36443405172185,
      "max_depth_m": 0.9859235459529557,
      "max_speed_m_s": 4.328764521450926,
      "mean_depth_m": 0.5904576328148785,
      "mean_surface_elevation_m": 1.0557649419062698,
      "metadata": {
        "drop_transition_id": "ledge_drop_001"
      },
      "min_bed_elevation_m": -0.5286193740382666,
      "momentum_flux_proxy_m4_s2": 170.58723106968137,
      "reach_id": "drop_001",
      "sample_count": 10,
      "sample_direction": {
        "x": 0.0,
        "y": 1.0
      },
      "section_id": "main_drop_cross_section",
      "station_m": 71.15450027219583,
      "wet_sample_count": 7,
      "wetted_width_m": 14.0
    },
    {
      "center": {
        "x": 22.929748958714598,
        "y": 0.0
      },
      "column": 6,
      "drop_transition_id": null,
      "length_m": 28.98965816784124,
      "mass_flux_proxy_m3_s": 43.773001071218104,
      "max_depth_m": 1.4292361339367659,
      "max_speed_m_s": 1.4855326052612718,
      "mean_depth_m": 1.0661318122020034,
      "mean_surface_elevation_m": 1.6261165668575108,
      "metadata": {
        "reach_id": "pool_001",
        "source": "stitched_validation_default"
      },
      "min_bed_elevation_m": -0.04995904683884067,
      "momentum_flux_proxy_m4_s2": 57.35599991267128,
      "reach_id": "pool_001",
      "sample_count": 16,
      "sample_direction": {
        "x": 0.0,
        "y": 1.0
      },
      "section_id": "pool_001_validation_cross_section",
      "station_m": 22.929748958714598,
      "wet_sample_count": 14,
      "wetted_width_m": 28.0
    },
    {
      "center": {
        "x": 58.506999094812514,
        "y": 0.0
      },
      "column": 15,
      "drop_transition_id": null,
      "length_m": 21.774399518184936,
      "mass_flux_proxy_m3_s": 47.084115339138705,
      "max_depth_m": 1.0932801423792107,
      "max_speed_m_s": 3.592083893298518,
      "mean_depth_m": 0.6394339483975924,
      "mean_surface_elevation_m": 1.4719444153277064,
      "metadata": {
        "reach_id": "tongue_001",
        "source": "stitched_validation_default"
      },
      "min_bed_elevation_m": -0.2849543826870259,
      "momentum_flux_proxy_m4_s2": 147.82769995689327,
      "reach_id": "tongue_001",
      "sample_count": 12,
      "sample_direction": {
        "x": 0.0,
        "y": 1.0
      },
      "section_id": "tongue_001_validation_cross_section",
      "station_m": 58.506999094812514,
      "wet_sample_count": 8,
      "wetted_width_m": 16.0
    },
    {
      "center": {
        "x": 79.59388294404283,
        "y": 0.0
      },
      "column": 20,
      "drop_transition_id": "ledge_drop_001",
      "length_m": 16.77984146441335,
      "mass_flux_proxy_m3_s": 42.962660845477856,
      "max_depth_m": 1.174011494181209,
      "max_speed_m_s": 3.163644184600032,
      "mean_depth_m": 0.7721045744435995,
      "mean_surface_elevation_m": -0.11089466076424614,
      "metadata": {
        "reach_id": "drop_001",
        "source": "stitched_validation_default"
      },
      "min_bed_elevation_m": -1.6827450639328527,
      "momentum_flux_proxy_m4_s2": 121.83518788872055,
      "reach_id": "drop_001",
      "sample_count": 10,
      "sample_direction": {
        "x": 0.0,
        "y": 1.0
      },
      "section_id": "drop_001_validation_cross_section",
      "station_m": 79.59388294404283,
      "wet_sample_count": 8,
      "wetted_width_m": 16.0
    },
    {
      "center": {
        "x": 106.26456140666096,
        "y": 0.0
      },
      "column": 27,
      "drop_transition_id": null,
      "length_m": 21.196437211367236,
      "mass_flux_proxy_m3_s": 45.062630593541556,
      "max_depth_m": 1.085317416344196,
      "max_speed_m_s": 2.8169847709130917,
      "mean_depth_m": 0.7794752120414871,
      "mean_surface_elevation_m": -1.480607357592756,
      "metadata": {
        "reach_id": "wave_train_001",
        "source": "stitched_validation_default"
      },
      "min_bed_elevation_m": -2.8959560347274333,
      "momentum_flux_proxy_m4_s2": 111.19178205070452,
      "reach_id": "wave_train_001",
      "sample_count": 12,
      "sample_direction": {
        "x": 0.0,
        "y": 1.0
      },
      "section_id": "wave_train_001_validation_cross_section",
      "station_m": 106.26456140666096,
      "wet_sample_count": 10,
      "wetted_width_m": 20.0
    },
    {
      "center": {
        "x": 137.50381801560468,
        "y": 0.0
      },
      "column": 34,
      "drop_transition_id": null,
      "length_m": 26.955890402265407,
      "mass_flux_proxy_m3_s": 48.5643657214999,
      "max_depth_m": 1.316286360248096,
      "max_speed_m_s": 1.8292706122203235,
      "mean_depth_m": 1.0014533196173099,
      "mean_surface_elevation_m": -1.878323586290812,
      "metadata": {
        "reach_id": "eddy_recovery_001",
        "source": "stitched_validation_default"
      },
      "min_bed_elevation_m": -3.4568710904706776,
      "momentum_flux_proxy_m4_s2": 80.18847359081091,
      "reach_id": "eddy_recovery_001",
      "sample_count": 15,
      "sample_direction": {
        "x": 0.0,
        "y": 1.0
      },
      "section_id": "eddy_recovery_001_validation_cross_section",
      "station_m": 137.50381801560468,
      "wet_sample_count": 13,
      "wetted_width_m": 26.0
    },
    {
      "center": {
        "x": 169.24614775990733,
        "y": 0.0
      },
      "column": 42,
      "drop_transition_id": null,
      "length_m": 21.303969801221573,
      "mass_flux_proxy_m3_s": 43.771743407727534,
      "max_depth_m": 0.9253802604445142,
      "max_speed_m_s": 3.3790363831992996,
      "mean_depth_m": 0.6332984218884482,
      "mean_surface_elevation_m": -2.4919861366854805,
      "metadata": {
        "reach_id": "boulder_garden_001",
        "source": "stitched_validation_default"
      },
      "min_bed_elevation_m": -3.746202495167554,
      "momentum_flux_proxy_m4_s2": 128.52748719612737,
      "reach_id": "boulder_garden_001",
      "sample_count": 12,
      "sample_direction": {
        "x": 0.0,
        "y": 1.0
      },
      "section_id": "boulder_garden_001_validation_cross_section",
      "station_m": 169.24614775990733,
      "wet_sample_count": 10,
      "wetted_width_m": 20.0
    },
    {
      "center": {
        "x": 203.9902583430187,
        "y": 0.0
      },
      "column": 51,
      "drop_transition_id": null,
      "length_m": 29.64045694119763,
      "mass_flux_proxy_m3_s": 43.7729940537308,
      "max_depth_m": 1.5224545756866006,
      "max_speed_m_s": 1.373317527631544,
      "mean_depth_m": 1.145938740469259,
      "mean_surface_elevation_m": -2.6894552653030903,
      "metadata": {
        "reach_id": "pool_002",
        "source": "stitched_validation_default"
      },
      "min_bed_elevation_m": -4.4581375463382,
      "momentum_flux_proxy_m4_s2": 53.259832747331146,
      "reach_id": "pool_002",
      "sample_count": 16,
      "sample_direction": {
        "x": 0.0,
        "y": 1.0
      },
      "section_id": "pool_002_validation_cross_section",
      "station_m": 203.9902583430187,
      "wet_sample_count": 14,
      "wetted_width_m": 28.0
    },
    {
      "center": {
        "x": 71.15450027219583,
        "y": 0.0
      },
      "column": 18,
      "drop_transition_id": "ledge_drop_001",
      "length_m": 21.774399518184936,
      "mass_flux_proxy_m3_s": 44.36443405172185,
      "max_depth_m": 0.9859235459529557,
      "max_speed_m_s": 4.328764521450926,
      "mean_depth_m": 0.4920480273457321,
      "mean_surface_elevation_m": 1.2997787705079833,
      "metadata": {
        "drop_transition_id": "ledge_drop_001",
        "source": "stitched_validation_default"
      },
      "min_bed_elevation_m": -0.5286193740382666,
      "momentum_flux_proxy_m4_s2": 170.58723106968137,