{
  "cpp": {
    "energy_final": 2072.1038870412094,
    "energy_initial": 2072.6892,
    "energy_relative_change": -0.00028239301810921885,
    "frame_count": 9,
    "froude_max": 0.4633931624207173,
    "froude_mean_wet": 0.4539565780230111,
    "hole_retention": {
      "centroid_x": null,
      "centroid_y": null,
      "hole_count": 0,
      "retained_area": 0.0
    },
    "hydraulic_jump": {
      "value": 0.0014962266881226594,
      "x": 12.0,
      "y": -5.5
    },
    "mass_final": 352.41834667953475,
    "mass_initial": 360.0,
    "mass_relative_drift": 0.021060148112403473,
    "solver": "cpp",
    "wave_crest": {
      "value": 1.2077596193643096,
      "x": 0.0,
      "y": -5.5
    },
    "wave_trough": {
      "value": 0.9643795811531548,
      "x": 23.0,
      "y": -5.5
    }
  },
  "delta": {
    "energy_relative_change_delta": 0.0434437049167567,
    "froude_max_delta": 0.002551708823001486,
    "froude_mean_wet_delta": 0.020080327777132367,
    "hole_centroid_distance": null,
    "hole_retained_area_delta": 0.0,
    "hydraulic_jump_distance": 9.0,
    "mass_relative_drift_delta": -0.00945128278689869,
    "wave_crest_distance": 0.0,
    "wave_trough_distance": 11.0
  },
  "pyclaw": {
    "energy_final": 1982.058589052261,
    "energy_initial": 2072.6892,
    "energy_relative_change": -0.04372609793486592,
    "frame_count": 3,
    "froude_max": 0.46084145359771583,
    "froude_mean_wet": 0.4338762502458787,
    "hole_retention": {
      "centroid_x": null,
      "centroid_y": null,
      "hole_count": 0,
      "retained_area": 0.0
    },
    "hydraulic_jump": {
      "value": 0.014225006103515625,
      "x": 21.0,
      "y": -5.5
    },
    "mass_final": 349.0158848762512,
    "mass_initial": 360.0,
    "mass_relative_drift": 0.030511430899302163,
    "solver": "geoclaw",
    "wave_crest": {
      "value": 1.1359083652496338,
      "x": 0.0,
      "y": -5.5
    },
    "wave_trough": {
      "value": 1.0484211978912352,
      "x": 12.0,
      "y": -5.5
    }
  },
  "reference": {
    "energy_final": 1982.058589052261,
    "energy_initial": 2072.6892,
    "energy_relative_change": -0.04372609793486592,
    "frame_count": 3,
    "froude_max": 0.46084145359771583,
    "froude_mean_wet": 0.4338762502458787,
    "hole_retention": {
      "centroid_x": null,
      "centroid_y": null,
      "hole_count": 0,
      "retained_area": 0.0
    },
    "hydraulic_jump": {
      "value": 0.014225006103515625,
      "x": 21.0,
      "y": -5.5
    },
    "mass_final": 349.0158848762512,
    "mass_initial": 360.0,
    "mass_relative_drift": 0.030511430899302163,
    "solver": "geoclaw",
    "wave_crest": {
      "value": 1.1359083652496338,
      "x": 0.0,
      "y": -5.5
    },
    "wave_trough": {
      "value": 1.0484211978912352,
      "x": 12.0,
      "y": -5.5
    }
  },
  "reference_solver": "geoclaw",
  "scenario_id": "sloping_manning_channel_seed_16"
}