{
  "cpp": {
    "energy_final": 2072.1038870412094,
    "energy_initial": 2072.6892,
    "energy_relative_change": -0.00028239301810921885,
    "frame_count": 9,
    "froude_max": 0.4633931624207173,
    "froude_mean_wet": 0.4539565780230111,
    "hole_retention": {
      "centroid_x": null,
      "centroid_y": null,
      "hole_count": 0,
      "retained_area": 0.0
    },
    "hydraulic_jump": {
      "value": 0.0014962266881226594,
      "x": 12.0,
      "y": -5.5
    },
    "mass_final": 352.41834667953475,
    "mass_initial": 360.0,
    "mass_relative_drift": 0.021060148112403473,
    "solver": "cpp",
    "wave_crest": {
      "value": 1.2077596193643096,
      "x": 0.0,
      "y": -5.5
    },
    "wave_trough": {
      "value": 0.9643795811531548,
      "x": 23.0,
      "y": -5.5
    }
  },
  "delta": {
    "energy_relative_change_delta": -0.019638042958174354,
    "froude_max_delta": -0.014290404329195316,
    "froude_mean_wet_delta": 0.0040162386118205995,
    "hole_centroid_distance": null,
    "hole_retained_area_delta": 0.0,
    "hydraulic_jump_distance": 9.0,
    "mass_relative_drift_delta": 0.011914081605699779,
    "wave_crest_distance": 0.0,
    "wave_trough_distance": 0.0
  },
  "pyclaw": {
    "energy_final": 2112.8074465897535,
    "energy_initial": 2072.6892,
    "energy_relative_change": 0.019355649940065136,
    "frame_count": 3,
    "froude_max": 0.47768356674991264,
    "froude_mean_wet": 0.4499403394111905,
    "hole_retention": {
      "centroid_x": null,
      "centroid_y": null,
      "hole_count": 0,
      "retained_area": 0.0
    },
    "hydraulic_jump": {
      "value": 0.012846767902374268,
      "x": 21.0,
      "y": -5.5
    },
    "mass_final": 356.70741605758667,
    "mass_initial": 360.0,
    "mass_relative_drift": 0.009146066506703694,
    "solver": "geoclaw",
    "wave_crest": {
      "value": 1.1815268993377686,
      "x": 0.0,
      "y": -5.5
    },
    "wave_trough": {
      "value": 1.0706713428497314,
      "x": 23.0,
      "y": -5.5
    }
  },
  "reference": {
    "energy_final": 2112.8074465897535,
    "energy_initial": 2072.6892,
    "energy_relative_change": 0.019355649940065136,
    "frame_count": 3,
    "froude_max": 0.47768356674991264,
    "froude_mean_wet": 0.4499403394111905,
    "hole_retention": {
      "centroid_x": null,
      "centroid_y": null,
      "hole_count": 0,
      "retained_area": 0.0
    },
    "hydraulic_jump": {
      "value": 0.012846767902374268,
      "x": 21.0,
      "y": -5.5
    },
    "mass_final": 356.70741605758667,
    "mass_initial": 360.0,
    "mass_relative_drift": 0.009146066506703694,
    "solver": "geoclaw",
    "wave_crest": {
      "value": 1.1815268993377686,
      "x": 0.0,
      "y": -5.5
    },
    "wave_trough": {
      "value": 1.0706713428497314,
      "x": 23.0,
      "y": -5.5
    }
  },
  "reference_solver": "geoclaw",
  "scenario_id": "sloping_manning_channel_seed_16"
}