{
  "cpp": {
    "energy_final": 2069.6738793011964,
    "energy_initial": 2072.6892,
    "energy_relative_change": -0.0014547867083996035,
    "frame_count": 9,
    "froude_max": 0.44100571351840767,
    "froude_mean_wet": 0.43356178864830713,
    "hole_retention": {
      "centroid_x": null,
      "centroid_y": null,
      "hole_count": 0,
      "retained_area": 0.0
    },
    "hydraulic_jump": {
      "value": 0.018203030605126402,
      "x": 0.0,
      "y": -5.5
    },
    "mass_final": 355.08502292567846,
    "mass_initial": 360.0,
    "mass_relative_drift": 0.013652714095337614,
    "solver": "cpp",
    "wave_crest": {
      "value": 1.25,
      "x": 0.0,
      "y": -5.5
    },
    "wave_trough": {
      "value": 0.9655789211382106,
      "x": 23.0,
      "y": -5.5
    }
  },
  "delta": {
    "energy_relative_change_delta": 0.04227131122646632,
    "froude_max_delta": -0.019835740079308162,
    "froude_mean_wet_delta": -0.0003144615975715914,
    "hole_centroid_distance": null,
    "hole_retained_area_delta": 0.0,
    "hydraulic_jump_distance": 21.0,
    "mass_relative_drift_delta": -0.01685871680396455,
    "wave_crest_distance": 0.0,
    "wave_trough_distance": 11.0
  },
  "pyclaw": {
    "energy_final": 1982.058589052261,
    "energy_initial": 2072.6892,
    "energy_relative_change": -0.04372609793486592,
    "frame_count": 3,
    "froude_max": 0.46084145359771583,
    "froude_mean_wet": 0.4338762502458787,
    "hole_retention": {
      "centroid_x": null,
      "centroid_y": null,
      "hole_count": 0,
      "retained_area": 0.0
    },
    "hydraulic_jump": {
      "value": 0.014225006103515625,
      "x": 21.0,
      "y": -5.5
    },
    "mass_final": 349.0158848762512,
    "mass_initial": 360.0,
    "mass_relative_drift": 0.030511430899302163,
    "solver": "geoclaw",
    "wave_crest": {
      "value": 1.1359083652496338,
      "x": 0.0,
      "y": -5.5
    },
    "wave_trough": {
      "value": 1.0484211978912352,
      "x": 12.0,
      "y": -5.5
    }
  },
  "reference": {
    "energy_final": 1982.058589052261,
    "energy_initial": 2072.6892,
    "energy_relative_change": -0.04372609793486592,
    "frame_count": 3,
    "froude_max": 0.46084145359771583,
    "froude_mean_wet": 0.4338762502458787,
    "hole_retention": {
      "centroid_x": null,
      "centroid_y": null,
      "hole_count": 0,
      "retained_area": 0.0
    },
    "hydraulic_jump": {
      "value": 0.014225006103515625,
      "x": 21.0,
      "y": -5.5
    },
    "mass_final": 349.0158848762512,
    "mass_initial": 360.0,
    "mass_relative_drift": 0.030511430899302163,
    "solver": "geoclaw",
    "wave_crest": {
      "value": 1.1359083652496338,
      "x": 0.0,
      "y": -5.5
    },
    "wave_trough": {
      "value": 1.0484211978912352,
      "x": 12.0,
      "y": -5.5
    }
  },
  "reference_solver": "geoclaw",
  "scenario_id": "sloping_manning_channel_seed_16"
}