{
  "comparisons": [
    {
      "authored_strength": 0.9792,
      "authored_x": 58.506999094812514,
      "authored_y": -0.11421941802652874,
      "cpp": {
        "distance_to_authored": 9.558166722619866,
        "strength": 3.629304180324315,
        "x": 68.0,
        "y": 1.0
      },
      "feature_index": 0,
      "kind": "constriction",
      "location_delta": 0.0,
      "pyclaw": {
        "distance_to_authored": 9.558166722619866,
        "strength": 3.629304181040859,
        "x": 68.0,
        "y": 1.0
      },
      "reference": {
        "distance_to_authored": 9.558166722619866,
        "strength": 3.629304181040859,
        "x": 68.0,
        "y": 1.0
      },
      "reference_solver": "geoclaw",
      "strength_delta": -7.165441573420139e-10
    },
    {
      "authored_strength": 0.775518622675461,
      "authored_x": 71.15450027219583,
      "authored_y": -0.09676600483791399,
      "cpp": {
        "distance_to_authored": 4.968074403782453,
        "strength": 5.232036445325222,
        "x": 76.0,
        "y": 1.0
      },
      "feature_index": 1,
      "kind": "ledge",
      "location_delta": 0.0,
      "pyclaw": {
        "distance_to_authored": 4.968074403782453,
        "strength": 5.232036447429715,
        "x": 76.0,
        "y": 1.0
      },
      "reference": {
        "distance_to_authored": 4.968074403782453,
        "strength": 5.232036447429715,
        "x": 76.0,
        "y": 1.0
      },
      "reference_solver": "geoclaw",
      "strength_delta": -2.104493468380042e-09
    },
    {
      "authored_strength": 0.8468,
      "authored_x": 83.30721131965552,
      "authored_y": -0.07982398924644217,
      "cpp": {
        "distance_to_authored": 1.151815977654319,
        "strength": 0.19609773250000034,
        "x": 84.0,
        "y": -1.0
      },
      "feature_index": 2,
      "kind": "hole",
      "location_delta": 0.0,
      "pyclaw": {
        "distance_to_authored": 1.151815977654319,
        "strength": 0.196097731590271,
        "x": 84.0,
        "y": -1.0
      },
      "reference": {
        "distance_to_authored": 1.151815977654319,
        "strength": 0.196097731590271,
        "x": 84.0,
        "y": -1.0
      },
      "reference_solver": "geoclaw",
      "strength_delta": 9.097293474091828e-10
    },
    {
      "authored_strength": 0.796,
      "authored_x": 106.26456140666096,
      "authored_y": 0.03220461930222221,
      "cpp": {
        "distance_to_authored": 7.6300943105894525,
        "strength": 2.9231123308707305,
        "x": 112.0,
        "y": -5.0
      },
      "feature_index": 3,
      "kind": "wave_train",
      "location_delta": 0.0,
      "pyclaw": {
        "distance_to_authored": 7.6300943105894525,
        "strength": 2.923112334477044,
        "x": 112.0,
        "y": -5.0
      },
      "reference": {
        "distance_to_authored": 7.6300943105894525,
        "strength": 2.923112334477044,
        "x": 112.0,
        "y": -5.0
      },
      "reference_solver": "geoclaw",
      "strength_delta": -3.606313470072564e-09
    },
    {
      "authored_strength": 0.6328,
      "authored_x": 137.50381801560468,
      "authored_y": 7.314994435069172,
      "cpp": {
        "distance_to_authored": 5.7559757211738205,
        "strength": 3.0639993231452616,
        "x": 132.0,
        "y": 9.0
      },
      "feature_index": 4,
      "kind": "eddy_line",
      "location_delta": 0.0,
      "pyclaw": {
        "distance_to_authored": 5.7559757211738205,
        "strength": 3.063999325455574,
        "x": 132.0,
        "y": 9.0
      },
      "reference": {
        "distance_to_authored": 5.7559757211738205,
        "strength": 3.063999325455574,
        "x": 132.0,
        "y": 9.0
      },
      "reference_solver": "geoclaw",
      "strength_delta": -2.3103123858447816e-09
    },
    {
      "authored_strength": 0.4696,
      "authored_x": 142.70700234287372,
      "authored_y": -3.316083153983117,
      "cpp": {
        "distance_to_authored": 2.652561802766983,
        "strength": 2.7084022431669434,
        "x": 144.0,
        "y": -1.0
      },
      "feature_index": 5,
      "kind": "boil",
      "location_delta": 0.0,
      "pyclaw": {
        "distance_to_authored": 2.652561802766983,
        "strength": 2.708402241332206,
        "x": 144.0,
        "y": -1.0
      },
      "reference": {
        "distance_to_authored": 2.652561802766983,
        "strength": 2.708402241332206,
        "x": 144.0,
        "y": -1.0
      },
      "reference_solver": "geoclaw",
      "strength_delta": 1.8347372510163495e-09
    },
    {
      "authored_strength": 0.862,
      "authored_x": 157.00426536235375,
      "authored_y": 4.386885325289,
      "cpp": {
        "distance_to_authored": 3.0578318501087485,
        "strength": 4.9354814625983146,
        "x": 160.0,
        "y": 5.0
      },
      "feature_index": 6,
      "kind": "rock",
      "location_delta": 0.0,
      "pyclaw": {
        "distance_to_authored": 3.0578318501087485,
        "strength": 4.935481462274952,
        "x": 160.0,
        "y": 5.0
      },
      "reference": {
        "distance_to_authored": 3.0578318501087485,
        "strength": 4.935481462274952,
        "x": 160.0,
        "y": 5.0
      },
      "reference_solver": "geoclaw",
      "strength_delta": 3.233626699739034e-10
    },
    {
      "authored_strength": 0.862,
      "authored_x": 161.89654066788924,
      "authored_y": -3.240724342127743,
      "cpp": {
        "distance_to_authored": 2.742187448411524,
        "strength": 6.505566397895869,
        "x": 164.0,
        "y": -5.0
      },
      "feature_index": 7,
      "kind": "rock",
      "location_delta": 0.0,
      "pyclaw": {
        "distance_to_authored": 2.742187448411524,
        "strength": 6.5055664023913575,
        "x": 164.0,
        "y": -5.0
      },
      "reference": {
        "distance_to_authored": 2.742187448411524,
        "strength": 6.5055664023913575,
        "x": 164.0,
        "y": -5.0
      },
      "reference_solver": "geoclaw",
      "strength_delta": -4.495488425959593e-09
    },
    {
      "authored_strength": 0.862,
      "authored_x": 167.57444111284858,
      "authored_y": 1.4276839393239573,
      "cpp": {
        "distance_to_authored": 3.599936502381371,
        "strength": 5.521958119233552,
        "x": 164.0,
        "y": 1.0
      },
      "feature_index": 8,
      "kind": "rock",
      "location_delta": 0.0,
      "pyclaw": {
        "distance_to_authored": 3.599936502381371,
        "strength": 5.521958115821211,
        "x": 164.0,
        "y": 1.0
      },
      "reference": {
        "distance_to_authored": 3.599936502381371,
        "strength": 5.521958115821211,
        "x": 164.0,
        "y": 1.0
      },
      "reference_solver": "geoclaw",
      "strength_delta": 3.412340632280575e-09
    },
    {
      "authored_strength": 0.862,
      "authored_x": 172.94261823199088,
      "authored_y": 2.3889573169071157,
      "cpp": {
        "distance_to_authored": 2.77598145242624,
        "strength": 6.738558462614993,
        "x": 172.0,
        "y": 5.0
      },
      "feature_index": 9,
      "kind": "rock",
      "location_delta": 0.0,
      "pyclaw": {
        "distance_to_authored": 2.77598145242624,
        "strength": 6.738558461794098,
        "x": 172.0,
        "y": 5.0
      },
      "reference": {
        "distance_to_authored": 2.77598145242624,
        "strength": 6.738558461794098,
        "x": 172.0,
        "y": 5.0
      },
      "reference_solver": "geoclaw",
      "strength_delta": 8.208944635157422e-10
    },
    {
      "authored_strength": 0.862,
      "authored_x": 178.38839054906927,
      "authored_y": -2.358908584022913,
      "cpp": {
        "distance_to_authored": 2.4729350210878813,
        "strength": 6.332716406333133,
        "x": 176.0,
        "y": -3.0
      },
      "feature_index": 10,
      "kind": "rock",
      "location_delta": 0.0,
      "pyclaw": {
        "distance_to_authored": 2.4729350210878813,