{
  "comparisons": [
    {
      "authored_strength": 1.5779569781872407,
      "authored_x": 6.0,
      "authored_y": 1.418218986925051,
      "cpp": {
        "distance_to_authored": 3.189082965407056,
        "strength": 1.861845301370335,
        "x": 3.0,
        "y": 2.5
      },
      "feature_index": 0,
      "kind": "constriction",
      "location_delta": 0.0,
      "pyclaw": {
        "distance_to_authored": 3.189082965407056,
        "strength": 1.8618453013703378,
        "x": 3.0,
        "y": 2.5
      },
      "reference": {
        "distance_to_authored": 3.189082965407056,
        "strength": 1.8618453013703378,
        "x": 3.0,
        "y": 2.5
      },
      "reference_solver": "geoclaw",
      "strength_delta": -2.6645352591003757e-15
    },
    {
      "authored_strength": 1.2820858480680204,
      "authored_x": 15.0,
      "authored_y": 1.2484796784220573,
      "cpp": {
        "distance_to_authored": 1.601968512587734,
        "strength": 1.384679440043621,
        "x": 16.0,
        "y": 2.5
      },
      "feature_index": 1,
      "kind": "hole",
      "location_delta": 0.0,
      "pyclaw": {
        "distance_to_authored": 1.601968512587734,
        "strength": 1.3846794400436289,
        "x": 16.0,
        "y": 2.5
      },
      "reference": {
        "distance_to_authored": 1.601968512587734,
        "strength": 1.3846794400436289,
        "x": 16.0,
        "y": 2.5
      },
      "reference_solver": "geoclaw",
      "strength_delta": -7.771561172376096e-15
    },
    {
      "authored_strength": 1.52242043136079,
      "authored_x": 20.0,
      "authored_y": 6.063514342399954,
      "cpp": {
        "distance_to_authored": 4.2947150195199635,
        "strength": 2.456334622674587,
        "x": 16.0,
        "y": 4.5
      },
      "feature_index": 2,
      "kind": "rock",
      "location_delta": 0.0,
      "pyclaw": {
        "distance_to_authored": 4.2947150195199635,
        "strength": 2.456334622674587,
        "x": 16.0,
        "y": 4.5
      },
      "reference": {
        "distance_to_authored": 4.2947150195199635,
        "strength": 2.456334622674587,
        "x": 16.0,
        "y": 4.5
      },
      "reference_solver": "geoclaw",
      "strength_delta": 0.0
    },
    {
      "authored_strength": 1.1463776988275904,
      "authored_x": 27.0,
      "authored_y": 0.736439668056076,
      "cpp": {
        "distance_to_authored": 1.0275717574118448,
        "strength": 1.0318389011944717,
        "x": 28.0,
        "y": 0.5
      },
      "feature_index": 3,
      "kind": "ledge",
      "location_delta": 0.0,
      "pyclaw": {
        "distance_to_authored": 1.0275717574118448,
        "strength": 1.0318389011944733,
        "x": 28.0,
        "y": 0.5
      },
      "reference": {
        "distance_to_authored": 1.0275717574118448,
        "strength": 1.0318389011944733,
        "x": 28.0,
        "y": 0.5
      },
      "reference_solver": "geoclaw",
      "strength_delta": -1.5543122344752192e-15
    },
    {
      "authored_strength": 1.2388211965281968,
      "authored_x": 36.0,
      "authored_y": -4.287921978710647,
      "cpp": {
        "distance_to_authored": 1.2731147020340707,
        "strength": 2.0435700478908925,
        "x": 37.0,
        "y": -3.5
      },
      "feature_index": 4,
      "kind": "strainer",
      "location_delta": 0.0,
      "pyclaw": {
        "distance_to_authored": 1.2731147020340707,
        "strength": 2.0435700478908916,
        "x": 37.0,
        "y": -3.5
      },
      "reference": {
        "distance_to_authored": 1.2731147020340707,
        "strength": 2.0435700478908916,
        "x": 37.0,
        "y": -3.5
      },
      "reference_solver": "geoclaw",
      "strength_delta": 8.881784197001252e-16
    },
    {
      "authored_strength": 0.8017335432705694,
      "authored_x": 43.0,
      "authored_y": 4.966525868911496,
      "cpp": {
        "distance_to_authored": 2.6615314880740395,
        "strength": 3.1125256985235734,
        "x": 44.0,
        "y": 2.5
      },
      "feature_index": 5,
      "kind": "boil",
      "location_delta": 0.0,
      "pyclaw": {
        "distance_to_authored": 2.6615314880740395,
        "strength": 3.1125256985235756,
        "x": 44.0,
        "y": 2.5
      },
      "reference": {
        "distance_to_authored": 2.6615314880740395,
        "strength": 3.1125256985235756,
        "x": 44.0,
        "y": 2.5
      },
      "reference_solver": "geoclaw",
      "strength_delta": -2.220446049250313e-15
    },
    {
      "authored_strength": 1.6716391009344043,
      "authored_x": 47.0,
      "authored_y": 5.441905740183334,
      "cpp": {
        "distance_to_authored": 3.638097302476984,
        "strength": 1.8216200299840224,
        "x": 44.0,
        "y": 7.5
      },
      "feature_index": 6,
      "kind": "shallow",
      "location_delta": 0.0,
      "pyclaw": {
        "distance_to_authored": 3.638097302476984,
        "strength": 1.8216200299840233,
        "x": 44.0,
        "y": 7.5
      },
      "reference": {
        "distance_to_authored": 3.638097302476984,
        "strength": 1.8216200299840233,
        "x": 44.0,
        "y": 7.5
      },
      "reference_solver": "geoclaw",
      "strength_delta": -8.881784197001252e-16
    },
    {
      "authored_strength": 1.3326366767039128,
      "authored_x": 56.0,
      "authored_y": 1.3786215901204086,
      "cpp": {
        "distance_to_authored": 2.1844852708649047,
        "strength": 1.3177544733050492,
        "x": 54.0,
        "y": 0.5
      },
      "feature_index": 7,
      "kind": "wave_train",
      "location_delta": 0.0,
      "pyclaw": {
        "distance_to_authored": 2.1844852708649047,
        "strength": 1.3177544733050488,
        "x": 54.0,
        "y": 0.5
      },
      "reference": {
        "distance_to_authored": 2.1844852708649047,
        "strength": 1.3177544733050488,
        "x": 54.0,
        "y": 0.5
      },
      "reference_solver": "geoclaw",
      "strength_delta": 4.440892098500626e-16
    },
    {
      "authored_strength": 1.0719581892285848,
      "authored_x": 62.0,
      "authored_y": 6.6682303736184165,
      "cpp": {
        "distance_to_authored": 3.219435075575314,
        "strength": 1.412970491749199,
        "x": 65.0,
        "y": 5.5
      },
      "feature_index": 8,
      "kind": "lateral",
      "location_delta": 0.0,
      "pyclaw": {
        "distance_to_authored": 3.219435075575314,
        "strength": 1.4129704917492019,
        "x": 65.0,
        "y": 5.5
      },
      "reference": {
        "distance_to_authored": 3.219435075575314,
        "strength": 1.4129704917492019,
        "x": 65.0,
        "y": 5.5
      },
      "reference_solver": "geoclaw",
      "strength_delta": -2.886579864025407e-15
    },
    {
      "authored_strength": 1.45,
      "authored_x": 35.5,
      "authored_y": 0.0,
      "cpp": {
        "distance_to_authored": 2.9154759474226504,
        "strength": 2.0838682735486915,
        "x": 37.0,
        "y": -2.5
      },
      "feature_index": 9,
      "kind": "wave_train",
      "location_delta": 0.0,
      "pyclaw": {
        "distance_to_authored": 2.9154759474226504,
        "strength": 2.0838682735486915,
        "x": 37.0,
        "y": -2.5
      },
      "reference": {
        "distance_to_authored": 2.9154759474226504,
        "strength": 2.0838682735486915,
        "x": 37.0,
        "y": -2.5
      },
      "reference_solver": "geoclaw",
      "strength_delta": 0.0
    }
  ],
  "feature_count": 10,
  "max_abs_strength_delta": 7.771561172376096e-15,
  "max_location_delta": 0.0,
  "scenario_id": "cascading_wave_train_seed_17"
}