{
  "comparisons": [
    {
      "authored_strength": 0.45,
      "authored_x": 11.5,
      "authored_y": 0.0,
      "cpp": {
        "distance_to_authored": 0.7071067811865476,
        "strength": 0.6078091935000002,
        "x": 12.0,
        "y": -0.5
      },
      "feature_index": 0,
      "kind": "ledge",
      "location_delta": 0.0,
      "pyclaw": {
        "distance_to_authored": 0.7071067811865476,
        "strength": 0.6078091919422149,
        "x": 12.0,
        "y": -0.5
      },
      "reference": {
        "distance_to_authored": 0.7071067811865476,
        "strength": 0.6078091919422149,
        "x": 12.0,
        "y": -0.5
      },
      "reference_solver": "geoclaw",
      "strength_delta": 1.5577852341408516e-09
    }
  ],
  "feature_count": 1,
  "max_abs_strength_delta": 1.5577852341408516e-09,
  "max_location_delta": 0.0,
  "scenario_id": "bed_step_seed_16"
}