{
	"schema": "raftsim.flexible_raft.d6_ue_fixture_telemetry.v1",
	"runtime_id": "ue_custom_reduced_rigid_body_flexible_port",
	"target_id": "project_chrono_or_reviewed_compliant_model",
	"fixture_id": "static_seat_load_sag",
	"engine_version": "UnrealEngine 5.8.0-55116800+++UE5+Release-5.8 SmokeEmIfYouGotEm A-3 flexible-raft C++ port",
	"fixed_step_s": 0.033333333333333333,
	"channels":
	{
		"tube.pressure_pa":
		{
			"port_0": 18726.392328601632,
			"port_1": 21348.515554213227,
			"port_2": 18993.04892781637,
			"port_3": 21348.515554213227,
			"bow_0": 18845.439166097061,
			"bow_1": 18645.953520164046,
			"starboard_3": 21348.515554213227,
			"starboard_2": 18993.04892781637,
			"starboard_1": 21348.515554213227,
			"starboard_0": 19028.603141045001,
			"stern_1": 22248.42959671907,
			"stern_0": 18686.185919343814
		},
		"tube.volume_m3":
		{
			"port_0": 0.26429260537572224,
			"port_1": 0.26255693398247693,
			"port_2": 0.26411609642047695,
			"port_3": 0.26255693398247693,
			"bow_0": 0.23349126889624541,
			"bow_1": 0.23360796092776867,
			"starboard_3": 0.26255693398247693,
			"starboard_2": 0.26411609642047695,
			"starboard_1": 0.26255693398247693,
			"starboard_0": 0.26409256189311092,
			"stern_1": 0.2315006401232014,
			"stern_0": 0.23358442640040264
		},
		"tube.freeboard_loss_m":
		{
			"port_0": 0.0029044002949294673,
			"port_1": 0.013388673283424008,
			"port_2": 0.003970597547996709,
			"port_3": 0.013388673283424008,
			"bow_0": 0.0033803960568860466,
			"bow_1": 0.0025827745153736079,
			"starboard_3": 0.013388673283424008,
			"starboard_2": 0.003970597547996709,
			"starboard_1": 0.013388673283424008,
			"starboard_0": 0.0041127571817390074,
			"stern_1": 0.016986881176804101,
			"stern_0": 0.0027436393640819993
		},
		"tube.floor_load_n":
		{
			"port_0": 50.358000000000004,
			"port_1": 50.358000000000004,
			"port_2": 50.358000000000004,
			"port_3": 50.358000000000004,
			"bow_0": 50.358000000000004,
			"bow_1": 50.358000000000004,
			"starboard_3": 50.358000000000004,
			"starboard_2": 50.358000000000004,
			"starboard_1": 50.358000000000004,
			"starboard_0": 50.358000000000004,
			"stern_1": 50.358000000000004,
			"stern_0": 50.358000000000004
		},
		"tube.lacing_load_n":
		{
			"port_0": 44.144999999999996,
			"port_1": 0,
			"port_2": 88.289999999999992,
			"port_3": 0,
			"bow_0": 44.144999999999996,
			"bow_1": 44.144999999999996,
			"starboard_3": 0,
			"starboard_2": 88.289999999999992,
			"starboard_1": 0,
			"starboard_0": 94.175999999999988,
			"stern_1": 0,
			"stern_0": 50.030999999999999
		},
		"overwash.overtopping_flux_m3_s":
		{
			"port_0": 0,
			"port_1": 0,
			"port_2": 0,
			"port_3": 0,
			"bow_0": 0,
			"bow_1": 0,
			"starboard_3": 0,
			"starboard_2": 0,
			"starboard_1": 0,
			"starboard_0": 0,
			"stern_1": 0,
			"stern_0": 0
		},
		"overwash.entrained_water_side":
		{
			"port": 0,
			"starboard": 0,
			"bow": 0,
			"stern": 0
		},
		"contact.max_indentation_m": 0,
		"contact.min_release_margin_n": 0,
		"combined_roll_moment_nm": 281.21591249999966
	},
	"metrics":
	{
		"loaded_crew_mass_kg": 385,
		"max_seat_freeboard_loss_m": 0.016986881176804101,
		"port_total_freeboard_loss_m": 0.033652344409774194,
		"raft_length_m": 4.2999999999999998,
		"raft_width_m": 1.8999999999999999,
		"starboard_total_freeboard_loss_m": 0.034860701296583731
	}
}