{
  "cpp": {
    "energy_final": 3621.7750015548036,
    "energy_initial": 4501.0242,
    "energy_relative_change": -0.19534425041420492,
    "frame_count": 9,
    "froude_max": 0.6885749491651427,
    "froude_mean_wet": 0.25322654691310603,
    "hole_retention": {
      "centroid_x": null,
      "centroid_y": null,
      "hole_count": 0,
      "retained_area": 0.0
    },
    "hydraulic_jump": {
      "value": 0.5282677674090157,
      "x": 14.0,
      "y": -5.5
    },
    "mass_final": 410.40000000000043,
    "mass_initial": 410.4,
    "mass_relative_drift": 1.1080588471892402e-15,
    "solver": "cpp",
    "wave_crest": {
      "value": 2.3559174429046954,
      "x": 23.0,
      "y": -5.5
    },
    "wave_trough": {
      "value": 0.8579769704160405,
      "x": 0.0,
      "y": -5.5
    }
  },
  "delta": {
    "energy_relative_change_delta": -5.615066772657329e-09,
    "froude_max_delta": 5.923139756447426e-11,
    "froude_mean_wet_delta": 3.0463698230676073e-10,
    "hole_centroid_distance": null,
    "hole_retained_area_delta": 0.0,
    "hydraulic_jump_distance": 0.0,
    "mass_relative_drift_delta": -5.228476514752315e-09,
    "wave_crest_distance": 0.0,
    "wave_trough_distance": 0.0
  },
  "pyclaw": {
    "energy_final": 3621.775024457038,
    "energy_initial": 4501.024197053004,
    "energy_relative_change": -0.19534424479913814,
    "frame_count": 3,
    "froude_max": 0.6885749491059113,
    "froude_mean_wet": 0.25322654660846905,
    "hole_retention": {
      "centroid_x": null,
      "centroid_y": null,
      "hole_count": 0,
      "retained_area": 0.0
    },
    "hydraulic_jump": {
      "value": 0.5282677710056305,
      "x": 14.0,
      "y": -5.5
    },
    "mass_final": 410.4000012874603,
    "mass_initial": 410.3999991416931,
    "mass_relative_drift": 5.228477622811162e-09,
    "solver": "geoclaw",
    "wave_crest": {
      "value": 2.355917453765869,
      "x": 23.0,
      "y": -5.5
    },
    "wave_trough": {
      "value": 0.8579769730567932,
      "x": 0.0,
      "y": -5.5
    }
  },
  "reference": {
    "energy_final": 3621.775024457038,
    "energy_initial": 4501.024197053004,
    "energy_relative_change": -0.19534424479913814,
    "frame_count": 3,
    "froude_max": 0.6885749491059113,
    "froude_mean_wet": 0.25322654660846905,
    "hole_retention": {
      "centroid_x": null,
      "centroid_y": null,
      "hole_count": 0,
      "retained_area": 0.0
    },
    "hydraulic_jump": {
      "value": 0.5282677710056305,
      "x": 14.0,
      "y": -5.5
    },
    "mass_final": 410.4000012874603,
    "mass_initial": 410.3999991416931,
    "mass_relative_drift": 5.228477622811162e-09,
    "solver": "geoclaw",
    "wave_crest": {
      "value": 2.355917453765869,
      "x": 23.0,
      "y": -5.5
    },
    "wave_trough": {
      "value": 0.8579769730567932,
      "x": 0.0,
      "y": -5.5
    }
  },
  "reference_solver": "geoclaw",
  "scenario_id": "dam_break_seed_16"
}