{
  "type": "FeatureCollection",
  "features": [
    {
      "type": "Feature",
      "id": "survey_constrained_axis",
      "properties": {
        "schema": "raftsim.south_fork.survey_constrained_axis.v1",
        "status": "candidate_geographic_axis_not_navigation",
        "length_m": 33334.1463936443,
        "previous_nhd_length_m": 33692.95056124413,
        "horizontal_crs": "EPSG:32610",
        "raster_cell_m": 2.0,
        "searched_cells": 395490,
        "axis_vertex_count": 1238,
        "all_segments_inside_survey_water": true,
        "measured_terrain_modified": false,
        "dry_gaps_bridged": 0,
        "endpoint_quantization_m": [
          0.6656873471232606,
          0.9430057825663226
        ],
        "not_a_surveyed_thalweg": true,
        "production_promoted": false
      },
      "geometry": {
        "type": "LineString",
        "coordinates": [
          [
            -120.82187522779347,
            38.76609289269637
          ],
          [
            -120.82215676088042,
            38.765917935424945
          ],
          [
            -120.82243391100138,
            38.76588706056345
          ],
          [
            -120.82270996564895,
            38.765892205826674
          ],
          [
            -120.82298602036704,
            38.76589735043846
          ],
          [
            -120.82326207515565,
            38.7659024943988
          ],
          [
            -120.82353210831057,
            38.76610575215448
          ],
          [
            -120.82380159563469,
            38.76632701973006
          ],
          [
            -120.82407108462205,
            38.766548286724195
          ],
          [
            -120.82431757040932,
            38.76676912470264
          ],
          [
            -120.82451804783544,
            38.766989105408044
          ],
          [
            -120.82462650644007,
            38.76720737231455
          ],
          [
            -120.82484999108712,
            38.7674277808773
          ],
          [
            -120.82511948741364,
            38.767649045627
          ],
          [
            -120.82538898540352,
            38.7678703097952
          ],
          [
            -120.82566450130702,
            38.76789345872257
          ],
          [
            -120.82594001741907,
            38.767916607004956
          ],
          [
            -120.82621553373968,
            38.767939754642384
          ],
          [
            -120.82649050354588,
            38.767980912068374
          ],
          [
            -120.82676547369775,
            38.768022068855785
          ],
          [
            -120.82703771125655,
            38.768153277203055
          ],
          [
            -120.82731158939914,
            38.76823045361433
          ],
          [
            -120.8275860146128,
            38.76828961895375
          ],
          [
            -120.82785716198389,
            38.768456846352315
          ],
          [
            -120.82812940328023,
            38.76858805225108
          ],
          [
            -120.82840437687264,
            38.76862920527004
          ],
          [
            -120.82867771224957,
            38.76872438902278
          ],
          [
            -120.82895159449838,
            38.76880156169491
          ],
          [
            -120.82922547736419,
            38.76887873374077
          ],
          [
            -120.8295009988019,
            38.76890187376069
          ],
          [
            -120.82977652044805,
            38.7689250131356
          ],
          [
            -120.83005040476068,
            38.769002183284506
          ],
          [
            -120.83032483547072,
            38.76906134233116
          ],
          [
            -120.83059817523682,
            38.7691565217035
          ],
          [
            -120.83087260704609,
            38.76921567949155
          ],
          [
            -120.83114594818085,
            38.76931085761739
          ],
          [
            -120.83141819904232,
            38.76944205609882
          ],
          [
            -120.83169099636713,
            38.76955524348082
          ],
          [
            -120.83196379457637,
            38.76966843024841
          ],
          [
            -120.83223768429617,
            38.76974559540822
          ],
          [
            -120.83251048414151,
            38.7698587809411
          ],
          [
            -120.83278273969127,
            38.769989976362005
          ],
          [
            -120.83305445114311,
            38.77013918167949
          ],
          [
            -120.8333245285925,
            38.77034241791764
          ],
          [
            -120.83359406259082,
            38.77056366407919
          ],
          [
            -120.83386359825282,
            38.77078490965885
          ],
          [
            -120.83413313557841,
            38.77100615465659
          ],
          [
            -120.83440430895661,
            38.77117336751826
          ],
          [
            -120.83467602834364,
            38.771322569261365
          ],
          [
            -120.8349461148824,
            38.771525801972096
          ],
          [
            -120.83521838136241,
            38.771656991990874
          ],
          [
            -120.8354911933933,
            38.77177017087161
          ],
          [
            -120.8357645507759,
            38.771865338605615
          ],
          [
            -120.83604063090402,
            38.77187045304257
          ],
          [
            -120.83631562244463,
            38.77191158790532
          ],
          [
            -120.83659170285159,
            38.77191670104564
          ],
          [
            -120.83686560656211,
            38.77199385571454
          ],
          [
            -120.83714168738655,
            38.77199896756475
          ],
          [
            -120.83741776828106,
            38.77200407876337
          ],
          [
            -120.83769384924561,
            38.77200918931038
          ],
          [
            -120.83796993028024,
            38.77201429920581
          ],
          [
            -120.83824601138488,
            38.77201940844963
          ],
          [
            -120.8385237238874,
            38.77197048534798
          ],
          [
            -120.83880143603963,
            38.77192156157455
          ],
          [
            -120.83907914784156,
            38.77187263712936
          ],
          [
            -120.83935631573006,
            38.771841722587475
          ],
          [
            -120.83963293991603,
            38.771828817959054
          ],
          [
            -120.83991065087936,
            38.77177989150897
          ],
          [
            -120.84018836149232,
            38.77173096438714
          ],
          [
            -120.84046661503595,
            38.771664026004814
          ],
          [
            -120.84074378166727,
            38.77163310812823
          ],
          [
            -120.8410198618081,
            38.7716382107777
          ],
          [
            -120.84129648509041,
            38.771625302176865
          ],
          [
            -120.84157365130476,
            38.771594382315755
          ],
          [
            -120.84185027437884,
            38.77158147239523
          ],
          [
            -120.84212635452211,
            38.771586572425285
          ],
          [
            -120.84240243473526,
            38.77159167180374
          ],
          [
            -120.84267851501833,
            38.7715967705306
          ],
          [
            -120.84295513802492,
            38.771583857987316
          ],
          [
            -120.84323772935255,
            38.77137282794133
          ],
          [
            -120.84345129932,
            38.77116052304499
          ],
          [
            -120.84350382252231,
            38.77094524493707
          ],
          [
            -120.84374039681943,
            38.770733364132425
          ],
          [
            -120.84402298244471,
            38.770522331994734
          ],
          [
            -120.84430231266232,
            38.770419362948324
          ],
          [
            -120.84458272653931,
            38.77028037192531
          ],
          [
            -120.84486205505357,
            38.77017740148582
          ],
          [
            -120.84514138278837,
            38.77007443035344
          ],
          [
            -120.84541962573827,
            38.770007479833616
          ],
          [
            -120.84569732626346,
            38.76995853929133
          ],
          [
            -120.845976652021,
            38.76985556609844
          ],
          [
            -120.84625651878679,
            38.76973458154927
          ],
          [
            -120.84653367604814,
            38.769703649634764
          ],
          [
            -120.84681137474675,
            38.76965470638522
          ],
          [
            -120.84708907309482,
            38.76960576246402
          ],
          [
            -120.84736514657548,
            38.76961084990231
          ],
          [
            -120.8476417615627,
            38.76959792600881
          ],
          [
            -120.8479178351135,
            38.769603012140735
          ],
          [
            -120.84819390873403,
            38.76960809762111
          ],
          [
            -120.84846998242425,
            38.76961318244992
          ],
          [
            -120.84874605618418,
            38.769618266627184
          ],
          [
            -120.84901671908987,
            38.76980345711511
          ],
          [
            -120.84928630134162,
            38.770024668407274
          ],
          [
            -120.849486866169,
            38.77024460859479
          ],
          [
            -120.8494803743128,
            38.77046073699169
          ],
          [
            -120.84947388238693,
            38.770676865379635
          ],
          [
            -120.8494673903914,
            38.770892993758686
          ],
          [
            -120.84941488504872,
            38.771108275065345
          ],
          [
            -120.84920133242665,
            38.771320591381325
          ],
          [
            -120.84910281237326,
            38.771535025327715
          ],
          [
            -120.84902729854156,
            38.771749882787425
          ],
          [
            -120.84883674970288,
            38.771962621945285
          ],
          [
            -120.84869221365604,
            38.77217620813811
          ],
          [
            -120.8485016626524,
            38.77238894667372
          ],
          [
            -120.8482420891992,
            38.77260041353689
          ],
          [
            -120.84800552137374,
            38.77281230360352
          ],
          [
            -120.84776895214038,
            38.77302419314362
          ],
          [
            -120.84750937420614,
            38.77323565822867
          ],
          [
            -120.84722678737897,
            38.773446698699544
          ],
          [
            -120.84696720630794,
            38.77365816247538
          ],
          [
            -120.8466846162164,
            38.773869201526416
          ],
          [
            -120.84644803955658,
            38.77408108814267
          ],
          [
            -120.84628048432933,
            38.77429424679981
          ],
          [
            -120.84613593576586,
            38.77450782939572
          ],
          [
            -120.84601439406539,
            38.77472183602165
          ],
          [
            -120.84586984379962,
            38.774935418226114
          ],
          [
            -120.8457483005302,
            38.77514942451686
          ],
          [
            -120.84574179625496,
            38.77536555220063
          ],
          [
            -120.84571228389059,
            38.77558125557172
          ],
          [
            -120.84563675514326,
            38.77579611028623
          ],
          [
            -120.84558423406958,
            38.77601138926892
          ],
          [
            -120.84553171265065,
            38.77622666821155
          ],
          [
            -120.84552520747171,
            38.776442795824586
          ],
          [
            -120.84551870222295,
            38.776658923428684
          ],
          [
            -120.84551219690435,
            38.776875051023836
          ],
          [
            -120.84550569151597,
            38.77709117861006
          ],
          [
            -120.84549918605776,
            38.777307306187346
          ],
          [
            -120.84560772373473,
            38.77752555553411
          ],
          [
            -120.84564723590769,
            38.777742531796015
          ],
          [
            -120.84575577464088,
            38.77796078102188
          ],
          [
            -120.845841305154,
            38.77817860585615
          ],
          [
            -120.84597285401452,
            38.77839727920507
          ],
          [
            -120.84608139465502,
            38.77861552816239
          ],
          [
            -120.84621294500295,
            38.778834201269625
          ],
          [
            -120.84632148698681,
            38.77905245002852
          ],
          [
            -120.84645303882213,
            38.77927112289406
          ],
          [
            -120.84663061001461,
            38.77949064395776
          ],
          [
            -120.84678517291582,
            38.779709740644655
          ],
          [
            -120.8469397367419,
            38.77992883714642
          ],
          [
            -120.84711731100047,
            38.78014835753643
          ],
          [
            -120.84736391507532,
            38.7803691497741
          ],
          [
            -120.84761052066482,
            38.78058994152672
          ],
          [
            -120.84788013750111,
            38.78081115672361
          ],
          [
            -120.84814975600192,
            38.78103237133782
          ],
          [
            -120.84841937616727,
            38.78125358536938
          ],
          [
            -120.84868899799721,
            38.78147479881824
          ],
          [
            -120.84896078684442,
            38.78162396904995
          ],
          [
            -120.84923203556812,
            38.78179114933937
          ],
          [
            -120.84950382677776,
            38.78194031836628
          ],
          [
            -120.84977561913587,
            38.782089486789424
          ],
          [
            -120.85004795371795,
            38.78222064393904
          ],
          [
            -120.85032028931705,
            38.78235180047927
          ],
          [
            -120.85059316687624,
            38.7824649457347
          ],
          [
            -120.85086604532,
            38.78257809037503
          ],
          [
            -120.85114108788409,
            38.782619191674925
          ],
          [
            -120.85141559005352,
            38.782678303020255
          ],
          [
            -120.8516911740477,
            38.78270139235737
          ],
          [
            -120.85196729885182,
            38.782706470358114
          ],
          [
            -120.85224342372555,
            38.782711547707
          ],
          [
            -120.85251954866891,
            38.782716624404024
          ],
          [
            -120.85279567368185,
            38.78272170044917
          ],
          [
            -120.85307179876442,
            38.78272677584246
          ],
          [
            -120.85334792391654,
            38.782731850583886
          ],
          [
            -120.85362404913823,
            38.78273692467344
          ],
          [
            -120.85390017442953,
            38.782741998111135
          ],
          [
            -120.85417629979034,
            38.78274707089696
          ],
          [
            -120.8544524252207,
            38.7827521430309
          ],
          [
            -120.85472855072064,
            38.78275721451298
          ],
          [
            -120.85500467629008,
            38.782762285343196
          ],
          [
            -120.85528080192903,
            38.782767355521536
          ],
          [
            -120.85555638793718,
            38.78279043578112
          ],
          [
            -120.85583089488877,
            38.782849536867666
          ],
          [
            -120.85610378362529,
            38.782962669538556
          ],
          [
            -120.85637613374632,
            38.78309381233609
          ],
          [
            -120.85665118204936,
            38.78313490080018
          ],
          [
            -120.85692515196962,
            38.783212010121076
          ],
          [
            -120.85719480811571,
            38.78343320482041
          ],
          [
            -120.85746446592661,
            38.7836543989367
          ],
          [
            -120.8577111145366,
            38.78387517045296
          ],
          [
            -120.85772765528414,
            38.7840917215305
          ],
          [
            -120.85772118509654,
            38.784307850582124
          ],
          [
            -120.85771471483949,
            38.784523979624836
          ],
          [
            -120.857708244513,
            38.784740108658596
          ],
          [
            -120.85770177411709,
            38.78495623768345
          ],
          [
            -120.85767229236976,
            38.785171944662956
          ],
          [
            -120.85766582176561,
            38.78538807366672
          ],
          [
            -120.85765935109195,
            38.785604202661546
          ],
          [
            -120.85765288034891,
            38.78582033164745
          ],
          [
            -120.85764640953639,
            38.78603646062443
          ],
          [
            -120.85768596191255,
            38.78625343369319
          ],
          [
            -120.85774852619882,
            38.786470828785625
          ],
          [
            -120.85797217324638,
            38.786691177912914
          ],
          [
            -120.85824184535875,
            38.786912370537074
          ],
          [
            -120.85839645951776,
            38.787131453065136
          ],
          [
            -120.85864312258713,
            38.787352222913334
          ],
          [
            -120.85891279924381,
            38.78757341409451
          ],
          [
            -120.85918247756567,
            38.78779460469249
          ],
          [
            -120.85945269637345,
            38.78799778394434
          ],
          [
            -120.859727226755,
            38.788056876481996
          ],
          [
            -120.86000068024761,
            38.788151989924465
          ],
          [
            -120.86027467310977,
            38.78822909197387
          ],
          [
            -120.86054866658868,
            38.78830619339618
          ],
          [
            -120.86082266068429,
            38.788383294191355
          ],
          [
            -120.86109719381221,
            38.788442383578534
          ],
          [
            -120.8613711890738,
            38.78851948311648
          ],
          [
            -120.86164679979115,
            38.78854254966634
          ],
          [
            -120.86192133429502,
            38.788601637150975
          ],
          [
            -120.86219533113687,
            38.78867873479557
          ],
          [
            -120.86246879051909,
            38.78877384260908
          ],
          [
            -120.86274278866175,
            38.78885093900239
          ],
          [
            -120.86301732536253,
            38.78891002396649
          ],
          [
            -120.86329240041756,
            38.78895109749225
          ],
          [
            -120.86356855142519,
            38.78895614876196
          ],
          [
            -120.86384362703315,
            38.7889972210028
          ],
          [
            -120.86411816531924,
            38.78905630341889
          ],
          [
            -120.86439216648725,
            38.78913339601934
          ],
          [
            -120.86466778086599,
            38.78915645553075
          ],
          [
            -120.86494339545223,
            38.78917951439654
          ],
          [
            -120.86521739806535,
            38.789256605097535
          ],
          [
            -120.8654908639681,
            38.789351706001135
          ],
          [
            -120.8657654051415,
            38.789410784617914
          ],
          [
            -120.86604048398725,
            38.789451851765584
          ],
          [
            -120.86631341468409,
            38.78956496162947
          ],
          [
            -120.86658795743699,
            38.78962403835262
          ],
          [
            -120.8668630376593,
            38.789665103597656
          ],
          [
            -120.86713758130658,
            38.78972417905128
          ],
          [
            -120.86741105172985,
            38.789819275573514
          ],
          [
            -120.86768398611784,
            38.78993238232817
          ],
          [
            -120.86795745811015,
            38.790027477610614
          ],
          [
            -120.86823307745999,
            38.79005052883299
          ],
          [
            -120.8685065506864,
            38.790145622861075
          ],
          [
            -120.86878002466385,
            38.79024071626776
          ],
          [
            -120.86905349939234,
            38.79033580905307
          ],
          [
            -120.86932912039873,
            38.79035885773068
          ],
          [
            -120.86960420530043,
            38.790399916637426
          ],
          [
            -120.8698803630337,
            38.79040495314884
          ],
          [
            -120.87015652083602,
            38.790409989008175
          ],
          [
            -120.8704326787074,
            38.79041502421544
          ],
          [
            -120.87070883664785,
            38.790420058770636
          ],
          [
            -120.87098499465729,
            38.790425092673765
          ],
          [
            -120.8712611527358,
            38.79043012592483
          ],
          [
            -120.8715373108833,
            38.79043515852383
          ],
          [
            -120.87181346909982,
            38.79044019047074
          ],
          [
            -120.87208802031975,
            38.790499254476664
          ],
          [
            -120.87236364326235,
            38.79052229603588
          ],
          [
            -120.87263980196339,
            38.79052732603946
          ],
          [
            -120.87291542525165,
            38.7905503663041
          ],
          [
            -120.87319158416003,
            38.79055539500675
          ],
          [
            -120.87346720779391,
            38.79057843397685
          ],
          [
            -120.87374229635999,
            38.79061948322384
          ],
          [
            -120.87401845568338,
            38.790624509979914
          ],
          [
            -120.8742935448018,
            38.7906655579418
          ],
          [
            -120.8745686342648,
            38.790706605264226
          ],
          [
            -120.87484372407236,
            38.790747651947186
          ],
          [
            -120.87511827929211,
            38.790806708928784
          ],
          [
            -120.87539230012794,
            38.79088377621815
          ],
          [
            -120.87566632158016,
            38.79096084288013
          ],
          [
            -120.87594194783709,
            38.79098387607346
          ],
          [
            -120.87621543565817,
            38.79107895242189
          ],
          [
            -120.8764889242301,
            38.79117402814883
          ],
          [
            -120.8767602754382,
            38.79134114707728
          ],
          [
            -120.87703055899559,
            38.7915442873229
          ],
          [
            -120.87730298169225,
            38.79167538313625
          ],
          [
            -120.87757593973905,
            38.79178846737566
          ],
          [
            -120.87784943293637,
            38.79188354003258
          ],
          [
            -120.8781207900852,
            38.7920506559458
          ],
          [
            -120.87839375091825,
            38.79216373834339
          ],
          [
            -120.87866671263569,
            38.79227682012514
          ],
          [
            -120.8789386072342,
            38.79242592324661
          ],
          [
            -120.87921050298134,
            38.79257502576333
          ],
          [
            -120.87948293374785,
            38.79270611669209
          ],
          [
            -120.87975323030977,
            38.79290925095404
          ],
          [
            -120.88002299466707,
            38.793130395615144
          ],
          [
            -120.88029276069011,
            38.79335153969215
          ],
          [
            -120.88056252837883,
            38.79357268318503
          ],
          [
            -120.88078626893306,
            38.79379299097314
          ],
          [
            -120.88096398190777,
            38.79401246330894
          ],
          [
            -120.88104963777428,
            38.794230265365854
          ],
          [
            -120.88113529413498,
            38.79444806736701
          ],
          [
            -120.88117492161722,
            38.794665034329206
          ],
          [
            -120.88123756406674,
            38.79488241876522
          ],
          [
            -120.88136925135308,
            38.79510105557656
          ],
          [
            -120.88140887981967,
            38.79531802246687
          ],
          [
            -120.88140247855866,
            38.795534154433724
          ],
          [
            -120.88139607722897,
            38.79575028639167
          ],
          [
            -120.88138967583055,
            38.795966418340726
          ],
          [
            -120.88138327436343,
            38.79618255028086
          ],
          [
            -120.88137687282762,
            38.796398682212086
          ],
          [
            -120.88137047122308,
            38.79661481413441
          ],
          [
            -120.88136406954986,
            38.79683094604781
          ],
          [
            -120.88135766780792,
            38.79704707795232
          ],
          [
            -120.88135126599725,
            38.79726320984791
          ],
          [
            -120.8813448641179,
            38.797479341734615
          ],
          [
            -120.88133846216985,
            38.797695473612386
          ],
          [
            -120.88133206015306,
            38.79791160548125
          ],
          [
            -120.88137168967202,
            38.79812857232736
          ],
          [
            -120.88152639877323,
            38.79834762651605
          ],
          [
            -120.88172714069842,
            38.798567515372746
          ],
          [
            -120.88192788384318,
            38.7987874039113
          ],
          [
            -120.88215164430437,
            38.7990077094768
          ],
          [
            -120.88242143847658,
            38.79922884923684
          ],
          [
            -120.88269123431499,
            38.79944998841257
          ],
          [
            -120.88296209807413,
            38.79963510499931
          ],
          [
            -120.88323829384007,
            38.79964011093897
          ],
          [
            -120.88351235771918,
            38.799717160260926
          ],
          [
            -120.8837869551368,
            38.7997761979437
          ],
          [
            -120.8840604873267,
            38.79987125702181
          ],
          [
            -120.88433508584215,
            38.7999302934433
          ],
          [
            -120.88460968483848,
            38.79998932923112
          ],
          [
            -120.88488534961631,
            38.800012342338185
          ],
          [
            -120.88516154718178,
            38.80001734377251
          ],
          [
            -120.88543774481585,
            38.80002234455452
          ],
          [
            -120.88571394251848,
            38.80002734468423
          ],
          [
            -120.88598854317121,
            38.80008637727052
          ],
          [
            -120.88626314430479,
            38.80014540922314
          ],
          [
            -120.88653721368142,
            38.80022245158426
          ],
          [
            -120.88680702629523,
            38.80044358167664
          ],
          [
            -120.88708216165742,
            38.800484600710604
          ],
          [
            -120.88735729736395,
            38.80052561910478
          ],
          [
            -120.88763190144572,
            38.80058464791299
          ],
          [
            -120.88790491030215,
            38.800697709257555
          ],
          [
            -120.88817579269458,
            38.800882814223115
          ],
          [
            -120.88845039889883,
            38.80094184116025
          ],
          [
            -120.88872606898711,
            38.800964845333134
          ],
          [
            -120.88900067601695,
            38.80102387099677
          ],
          [
            -120.88927528352757,
            38.8010828960267
          ],
          [
            -120.88954936002165,
            38.80115993149718
          ],
          [
            -120.88982343713202,
            38.80123696633987
          ],
          [
            -120.89009910894414,
            38.80125996731396
          ],
          [
            -120.89036946801795,
            38.80146307847377
          ],
          [
            -120.89063929739733,
            38.801684200129316
          ],
          [
            -120.89090912844313,
            38.80190532120015
          ],
          [
            -120.89117896115542,
            38.8021264416863
          ],
          [
            -120.89144879553422,
            38.80234756158773
          ],
          [
            -120.89162656204427,
            38.80256701890716
          ],
          [
            -120.8916892423528,
            38.80278439854554
          ],
          [
            -120.8917749405387,
            38.80300219363869
          ],
          [
            -120.89186063921932,
            38.80321998867595
          ],
          [
            -120.89192332072717,
            38.803437368201905
          ],
          [
            -120.89210109128413,
            38.80365682487718
          ],
          [
            -120.89218679166302,
            38.803874619702015
          ],
          [
            -120.89220343888924,
            38.80409116826623
          ],
          [
            -120.892197068235,
            38.80430730141409
          ],
          [
            -120.8922827695988,
            38.80452509617581
          ],
          [
            -120.89243752574122,
            38.80474413700632
          ],
          [
            -120.89270737365716,
            38.80496525429177
          ],
          [
            -120.8929782846608,
            38.805150348789056
          ],
          [
            -120.89325078900798,
            38.80528140937823
          ],
          [
            -120.89352064147789,
            38.80550252489203
          ],
          [
            -120.8937904956146,
            38.805723639820954
          ],
          [
            -120.89406035141808,
            38.80594475416497
          ],
          [
            -120.89433020888838,
            38.8061658679241
          ],
          [
            -120.89450799340547,
            38.80638532123499
          ],
          [
            -120.89477785390888,
            38.80660643402902
          ],
          [
            -120.89504771607916,
            38.80682754623808
          ],
          [
            -120.89531757991632,
            38.80704865786219
          ],
          [
            -120.89554140751207,
            38.807268939352
          ],
          [
            -120.89574221744839,
            38.80748880570414
          ],
          [
            -120.89587397130377,
            38.80770742760525
          ],
          [
            -120.89593666842751,
            38.8079248052714
          ],
          [
            -120.89593030818165,
            38.80814093879627
          ],
          [
            -120.89592394786756,
            38.80835707231223
          ],
          [
            -120.89600966500488,
            38.80857486464998
          ],
          [
            -120.89611840208967,
            38.80879307161316
          ],
          [
            -120.89622713981265,
            38.80901127848599
          ],
          [
            -120.89633587817387,
            38.80922948526845
          ],
          [
            -120.89639857783783,
            38.809446862710104
          ],
          [
            -120.89639221864229,
            38.8096629962427
          ],
          [
            -120.89638585937851,
            38.809879129766415
          ],
          [
            -120.89640251992236,
            38.810095677918284
          ],
          [
            -120.89658032017135,
            38.810315128386065
          ],
          [
            -120.89678114151678,
            38.81053499317218
          ],
          [
            -120.89695894398614,
            38.81075444311085
          ],
          [
            -120.89704466685436,
            38.81097223477341
          ],
          [
            -120.89726851166077,
            38.81119251330527
          ],
          [
            -120.89740027657491,
            38.811411133675165
          ],
          [
            -120.89753204227155,
            38.8116297539112
          ],
          [
            -120.89766380875064,
            38.81184837401334
          ],
          [
            -120.89777255548128,
            38.812066579601435
          ],
          [
            -120.89792734405633,
            38.81228561381599
          ],
          [
            -120.89799005085763,
            38.81250299050643
          ],
          [
            -120.89809879950336,
            38.81272119582334
          ],
          [
            -120.8982996320636,
            38.812941058231644
          ],
          [
            -120.89856952852783,
            38.81316216304712
          ],
          [
            -120.89883995604912,
            38.81336525613315
          ],
          [
            -120.89911197308301,
            38.81351431518858
          ],
          [
            -120.89938610829458,
            38.81359132903937
          ],
          [
            -120.89966077331087,
            38.81365033110917
          ],
          [
            -120.89993649704697,
            38.81367331023305
          ],
          [
            -120.90021222098969,
            38.81369628871057
          ],
          [
            -120.90048794513902,
            38.81371926654174
          ],
          [
            -120.90076314058273,
            38.81376025489181
          ],
          [
            -120.9010378075264,
            38.81381925376994
          ],
          [
            -120.9013135325026,
            38.813842229671366
          ],
          [
            -120.90158978639157,
            38.813847193751954
          ],
          [
            -120.9018644544371,
            38.813906190712636
          ],
          [
            -120.90213912296335,
            38.81396518703917
          ],
          [
            -120.90241379197029,
            38.814024182731536
          ],
          [
            -120.9026895183244,
            38.814047155416674
          ],
          [
            -120.9029657732486,
            38.81405211626572
          ],
          [
            -120.90324202824084,
            38.81405707646209
          ],
          [
            -120.90351828330112,
            38.81406203600581
          ],
          [
            -120.90379453842944,
            38.81406699489686
          ],
          [
            -120.90407079362579,
            38.814071953135254
          ],
          [
            -120.90434704889016,
            38.81407691072099
          ],
          [
            -120.90462752777863,
            38.8139377779818
          ],
          [
            -120.90490589411198,
            38.81387068938657
          ],
          [
            -120.90518584334744,
            38.813749566463706
          ],
          [
            -120.90546473620273,
            38.81366446528048
          ],
          [
            -120.90574732199136,
            38.81345328484709
          ],
          [
            -120.90602990611251,
            38.81324210367613
          ],
          [
            -120.90631248856621,
            38.81303092176761
          ],
          [
            -120.90641090214106,
            38.812816437769804
          ],
          [
            -120.9064172317757,
            38.81260030296579
          ],
          [
            -120.90640054058206,
            38.81238375546987
          ],
          [
            -120.90613062189664,
            38.812162668139415
          ],
          [
            -120.90585912209305,
            38.81199561391218
          ],
          [
            -120.90558815123059,
            38.811810547857455
          ],
          [
            -120.905315070873,
            38.81169752610433
          ],
          [
            -120.90504410257195,
            38.81151245884857
          ],
          [
            -120.90477419139376,
            38.81129136855927
          ],
          [
            -120.90450428188288,
            38.811070277684536
          ],
          [
            -120.90430343474422,
            38.810850425499346
          ],
          [
            -120.90403036015468,
            38.81073740088225
          ],
          [
            -120.9037562302501,
            38.810660398067235
          ],
          [
            -120.90348315729653,
            38.81054737221103
          ],
          [
            -120.90321008522763,
            38.81043434573808
          ],
          [
            -120.90294018383602,
            38.81021325144155
          ],
          [
            -120.90267028411164,
            38.80999215655971
          ],
          [
            -120.90240038605441,
            38.80977106109255
          ],
          [
            -120.90213048966437,
            38.80954996504011
          ],
          [
            -120.90190663436236,
            38.80932969549851
          ],
          [
            -120.90175183934117,
            38.809110666294984
          ],
          [
            -120.90155100611771,
            38.80889080969464
          ],
          [
            -120.9013962130972,
            38.80867178006104
          ],
          [
            -120.90128745984293,
            38.808453577565444
          ],
          [
            -120.90129380397299,
            38.80823744330882
          ],
          [
            -120.90130014803493,
            38.808021309043305
          ],
          [
            -120.9013064920288,
            38.8078051747689
          ],
          [
            -120.90131283595456,
            38.807589040485595
          ],
          [
            -120.90131917981223,
            38.80737290619341
          ],
          [
            -120.90132552360183,
            38.807156771892316
          ],
          [
            -120.9013318673233,
            38.80694063758234
          ],
          [
            -120.90140726757139,
            38.80672574414007
          ],
          [
            -120.9015747425329,
            38.80651250500069
          ],
          [
            -120.90176523521075,
            38.80629967913264
          ],
          [
            -120.9020478014157,
            38.80608850689866
          ],
          [
            -120.9023303659538,
            38.805877333927164
          ],
          [
            -120.90261292882505,
            38.80566616021813
          ],
          [
            -120.90289443359067,
            38.805491008202516
          ],
          [
            -120.90317699327855,
            38.80527983302635
          ],
          [
            -120.90345849515938,
            38.805104679558994
          ],
          [
            -120.90373788368262,
            38.80500157027661
          ],
          [
            -120.90401727142347,
            38.80489846030149
          ],
          [
            -120.90429665838192,
            38.80479534963365
          ],
          [
            -120.90457604455798,
            38.8046922382731
          ],
          [
            -120.90485384682201,
            38.80464315994195
          ],
          [
            -120.90513006581178,
            38.80464811467038
          ],
          [
            -120.90540628486953,
            38.80465306874637
          ],
          [
            -120.90568250399518,
            38.80465802216991
          ],
          [
            -120.9059587231888,
            38.80466297494101
          ],
          [
            -120.90623546981348,
            38.80464991580318
          ],
          [
            -120.90651327095168,
            38.80460083348691
          ],
          [
            -120.90679212617817,
            38.8045157279721
          ],
          [
            -120.9070704536177,
            38.80444863303841
          ],
          [
            -120.90734772640597,
            38.80441755996617
          ],
          [
            -120.90762447197415,
            38.804404497501864
          ],
          [
            -120.90790174440922,
            38.80437342310221
          ],
          [
            -120.90817848976447,
            38.80436035931701
          ],
          [
            -120.90845523504821,
            38.80434729487298
          ],
          [
            -120.90873198026044,
            38.80433422977013
          ],
          [
            -120.90900819874241,
            38.804339175297855
          ],
          [
            -120.90928494388152,
            38.80432610888055
          ],
          [
            -120.90956274198636,
            38.804277019212634
          ],
          [
            -120.90984264552367,
            38.80415588367499
          ],
          [
            -120.9101251799911,
            38.80394469092111
          ],
          [
            -120.91040771279178,
            38.80373349743003
          ],
          [
            -120.91059817204328,
            38.80352065611943
          ],
          [
            -120.91060448692909,
            38.803304520392494
          ],
          [
            -120.91061080174713,
            38.80308838465667
          ],
          [
            -120.91061711649736,
            38.802872248911974
          ],
          [
            -120.91062343117984,
            38.80265611315839
          ],
          [
            -120.91069879866404,
            38.80244121266708
          ],
          [
            -120.91091227101161,
            38.802228782426596
          ],
          [
            -120.91119479456208,
            38.80201758672017
          ],
          [
            -120.91147731644601,
            38.80180639027661
          ],
          [
            -120.91175983666338,
            38.801595193095984
          ],
          [
            -120.91204235521421,
            38.801383995178284
          ],
          [
            -120.91232487209854,
            38.80117279652352
          ],
          [
            -120.91260738731638,
            38.80096159713172
          ],
          [
            -120.91288779840637,
            38.800822442382774
          ],
          [
            -120.91316452960992,
            38.80080936636505
          ],
          [
            -120.91344073526508,
            38.800814301039836
          ],
          [
            -120.91371694098791,
            38.80081923506226
          ],
          [
            -120.91399314677842,
            38.8008241684323
          ],
          [
            -120.91426935263662,
            38.80082910114998
          ],
          [
            -120.91454555856244,
            38.8008340332153
          ],
          [
            -120.91482176455592,
            38.80083896462824
          ],
          [
            -120.91509797061704,
            38.800843895388816
          ],
          [
            -120.91537417674577,
            38.80084882549702
          ],
          [
            -120.91564985802046,
            38.80087176632929
          ],
          [
            -120.91592344008559,
            38.800966752032906
          ],
          [
            -120.91619544853565,
            38.80111577126013
          ],
          [
            -120.91646535923668,
            38.801336835419185
          ],
          [
            -120.91673527160422,
            38.80155789899265
          ],
          [
            -120.91700518563835,
            38.80177896198045
          ],
          [
            -120.91725208376083,
            38.80199961392945
          ],
          [
            -120.91724578925069,
            38.80221575062045
          ],
          [
            -120.91730854782556,
            38.80243311866737
          ],
          [
            -120.91737130675376,
            38.802650486683525
          ],
          [
            -120.91743406603528,
            38.80286785466893
          ],
          [
            -120.91747380773957,
            38.80308481220451
          ],
          [
            -120.91751354965598,
            38.803301769725685
          ],
          [
            -120.91755329178447,
            38.80351872723246
          ],
          [
            -120.91757001598386,
            38.80373527431895
          ],
          [
            -120.91756372204438,
            38.803951410989335
          ],
          [
            -120.91758044631744,
            38.804167958063005
          ],
          [
            -120.91764320736385,
            38.80438532593753
          ],
          [
            -120.91765993192037,
            38.80460187299421
          ],
          [
            -120.91765363805794,
            38.80481800964483
          ],
          [
            -120.91764734412791,
            38.80503414628656
          ],
          [
            -120.91764105013034,
            38.80525028291942
          ],
          [
            -120.91763475606521,
            38.80546641954338
          ],
          [
            -120.91762846193254,
            38.80568255615848
          ],
          [
            -120.9176221677323,
            38.80589869276469
          ],
          [
            -120.9176158734645,
            38.80611482936204
          ],
          [
            -120.91760957912913,
            38.80633096595048
          ],
          [
            -120.917856494263,
            38.80655161694664
          ],
          [
            -120.91812643004036,
            38.806772677782554
          ],
          [
            -120.91839794051779,
            38.80693970386545
          ],
          [
            -120.91867417076178,
            38.806944626819316
          ],
          [
            -120.9189493526629,
            38.80698557191145
          ],
          [
            -120.91922348663223,
            38.80706253915998
          ],
          [
            -120.91949342863815,
            38.80728359698723
          ],
          [
            -120.91976337231111,
            38.80750465422862
          ],
          [
            -120.92003331765112,
            38.80772571088413
          ],
          [
            -120.92030326465819,
            38.807946766953734
          ],
          [
            -120.92057321333239,
            38.80816782243742
          ],
          [
            -120.92084316367364,
            38.80838887733517
          ],
          [
            -120.92106707616021,
            38.808609112131585
          ],
          [
            -120.92106079169284,
            38.80882524910172
          ],
          [
            -120.921054507158,
            38.80904138606301
          ],
          [
            -120.92120936234915,
            38.80926039130598
          ],
          [
            -120.92141025855904,
            38.80948021577574
          ],
          [
            -120.92168021635042,
            38.80970126889971
          ],
          [
            -120.92195017580904,
            38.80992232143766
          ],
          [
            -120.92222118381625,
            38.8101073505435
          ],
          [
            -120.92249219323345,
            38.81029237905342
          ],
          [
            -120.9227658206078,
            38.81038734982583
          ],
          [
            -120.92303787900708,
            38.81053635426918
          ],
          [
            -120.9233083690228,
            38.81073939240729
          ],
          [
            -120.92358042991725,
            38.81088839564603
          ],
          [
            -120.92385039976995,
            38.81110944403351
          ],
          [
            -120.92412037128997,
            38.81133049183488
          ],
          [
            -120.92439034447742,
            38.81155153905012
          ],
          [
            -120.92466031933229,
            38.811772585679215
          ],
          [
            -120.92493290981459,
            38.811903574480155
          ],
          [
            -120.9252065467623,
            38.81199853976675
          ],
          [
            -120.92548122977264,
            38.81205748152199
          ],
          [
            -120.9257548680869,
            38.812152445557324
          ],
          [
            -120.92602693958541,
            38.81230144334957
          ],
          [
            -120.926299012233,
            38.812450440535414
          ],
          [
            -120.92657213081122,
            38.81256341418453
          ],
          [
            -120.92684368330059,
            38.81273042162011
          ],
          [
            -120.92711471480999,
            38.812915439924836
          ],
          [
            -120.92738470333778,
            38.813136480579026
          ],
          [
            -120.9276546935331,
            38.81335752064692
          ],
          [
            -120.92783259955971,
            38.81357692627282
          ],
          [
            -120.92794144206871,
            38.81379510630996
          ],
          [
            -120.92809632842145,
            38.81401410311505
          ],
          [
            -120.9281591290045,
            38.81423146611171
          ],
          [
            -120.92819890819717,
            38.814448420671305
          ],
          [
            -120.9282617094171,
            38.814665783616704
          ],
          [
            -120.92832451099089,
            38.81488314653125
          ],
          [
            -120.92850242270782,
            38.815102551243676
          ],
          [
            -120.92877242363188,
            38.81532358895615
          ],
          [
            -120.9290424262237,
            38.815544626082236
          ],
          [
            -120.92922034174984,
            38.81576402978312
          ],
          [
            -120.92949034737683,
            38.81598506594144
          ],
          [
            -120.92976035467159,
            38.81620610151332
          ],
          [
            -120.93003036363419,
            38.816427136498746
          ],
          [
            -120.93030246037057,
            38.81657612491684
          ],
          [
            -120.93057247241326,
            38.81679715871976
          ],
          [
            -120.93084300752133,
            38.817000180436054
          ],
          [
            -120.93111667215824,
            38.81709513254401
          ],
          [
            -120.93138825249,
            38.8172621300518
          ],
          [
            -120.93166139769855,
            38.81737509243341
          ],
          [
            -120.93193402265975,
            38.81750606570865
          ],
          [
            -120.93220769076859,
            38.81760101534427
          ],
          [
            -120.93248344361443,
            38.81762391828963
          ],
          [
            -120.93275919666591,
            38.8176468205884
          ],
          [
            -120.93303547078041,
            38.81765171071747
          ],
          [
            -120.93331174496201,
            38.817656600193764
          ],
          [
            -120.9335880192107,
            38.81766148901727
          ],
          [
            -120.93386429352644,
            38.817666377188
          ],
          [
            -120.93414056790925,
            38.817671264705936
          ],
          [
            -120.93441892439415,
            38.81760410541556
          ],
          [
            -120.93469728038265,
            38.81753694544642
          ],
          [
            -120.93497563587475,
            38.817469784798504
          ],
          [
            -120.93525399087045,
            38.81740262347183
          ],
          [
            -120.93553130492406,
            38.81737148457126
          ],
          [
            -120.9358080986117,
            38.81735835656074
          ],
          [
            -120.93608437214324,
            38.81736323944983
          ],
          [
            -120.93636064574177,
            38.81736812168615
          ],
          [
            -120.9366369194073,
            38.81737300326969
          ],
          [
            -120.93691163351161,
            38.81743191890427
          ],
          [
            -120.937181669799,
            38.81765293803886
          ],
          [
            -120.93738263881231,
            38.81787273672053
          ],
          [
            -120.93751453988847,
            38.81809131528838
          ],
          [
            -120.93776155737697,
            38.81831192656842
          ],
          [
            -120.93803419765509,
            38.81844288598216
          ],
          [
            -120.93831047576444,
            38.81844776372112
          ],
          [
            -120.9385841565662,
            38.81854269872504
          ],
          [
            -120.93885679929959,
            38.81867365627809
          ],
          [
            -120.93912892370633,
            38.81882262480773
          ],
          [
            -120.93940416492339,
            38.81886352318134
          ],
          [
            -120.93967473360274,
            38.819066525264205
          ],
          [
            -120.93994478467496,
            38.81928753835191
          ],
          [
            -120.93993855487595,
            38.81950367750581
          ],
          [
            -120.93993232501006,
            38.81971981665084
          ],
          [
            -120.93994911875872,
            38.819936361930424
          ],
          [
            -120.93996591257996,
            38.82015290720284
          ],
          [
            -120.93995968265247,
            38.82036904632752
          ],
          [
            -120.93990740487779,
            38.82058437314234
          ],
          [
            -120.93962488720051,
            38.820795638018865
          ],
          [
            -120.9393653918728,
            38.821007308426644
          ],
          [
            -120.93908287092296,
            38.821218571887584
          ],
          [
            -120.93884639659758,
            38.821430647364075
          ],
          [
            -120.93865596928588,
            38.821643535146826
          ],
          [
            -120.93844251654659,
            38.82185601612808
          ],
          [
            -120.93829813555875,
            38.82206971615295
          ],
          [
            -120.93813072927533,
            38.82228300945055
          ],
          [
            -120.93800937092992,
            38.82249711557414
          ],
          [
            -120.93798011001904,
            38.82271284779443
          ],
          [
            -120.93788177505604,
            38.82292736029132
          ],
          [
            -120.93785251352698,
            38.82314309244937
          ],
          [
            -120.93784627654559,
            38.82335923117554
          ],
          [
            -120.93784003949725,
            38.82357536989286
          ],
          [
            -120.93783380238193,
            38.82379150860129
          ],
          [
            -120.9379657149799,
            38.82401008678838
          ],
          [
            -120.93823577859267,
            38.82423110402055
          ],
          [
            -120.93850792229158,
            38.82438007440829
          ],
          [
            -120.93878214528695,
            38.82445699792006
          ],
          [
            -120.93905740783339,
            38.824497897662255
          ],
          [
            -120.9393321513241,
            38.824556808337036
          ],
          [
            -120.93960637596345,
            38.82463372995323
          ],
          [
            -120.93988060121849,
            38.82471065094042
          ],
          [
            -120.94015586548042,
            38.82475154813466
          ],
          [
            -120.94043009183137,
            38.824828467858104
          ],
          [
            -120.94070535691671,
            38.82486936377684
          ],
          [
            -120.9409801033546,
            38.824928270645714
          ],
          [
            -120.94125225565334,
            38.8250772348478
          ],
          [
            -120.94152855995993,
            38.82508210567222
          ],
          [
            -120.94180486433333,
            38.82508697584371
          ],
          [
            -120.94208168748973,
            38.82507383375939
          ],
          [
            -120.94235851057344,
            38.82506069101581
          ],
          [
            -120.94263533358443,
            38.825047547612975
          ],
          [
            -120.94291267502842,
            38.82501639193846
          ],
          [
            -120.94319053469407,
            38.82496722398258
          ],
          [
            -120.94346994909407,
            38.82486402049713
          ],
          [
            -120.94374884441963,
            38.824778827941834
          ],
          [
            -120.94402566622709,
            38.82476568120465
          ],
          [
            -120.9443035242618,
            38.82471651055014
          ],
          [
            -120.94458293617562,
            38.824613304325965
          ],
          [
            -120.94486131129447,
            38.8245461206813
          ],
          [
            -120.9451438293773,
            38.82433484324144
          ],
          [
            -120.9454263457916,
            38.824123565065165
          ],
          [
            -120.94570886053735,
            38.82391228615246
          ],
          [
            -120.94585322373449,
            38.823698576522425
          ],
          [
            -120.94599758604735,
            38.82348486668297
          ],
          [
            -120.9462110220135,
            38.82327237146314
          ],
          [
            -120.94628630802036,
            38.82305744637593
          ],
          [
            -120.94638461825811,
            38.82284292612092
          ],
          [
            -120.94643687859526,
            38.82262759599658
          ],
          [
            -120.9464661140162,
            38.82241186095664
          ],
          [
            -120.94647232472809,
            38.82219572102405
          ],
          [
            -120.94650155980759,
            38.82197998595257
          ],
          [
            -120.94653079468186,
            38.82176425086146
          ],
          [
            -120.94656002935092,
            38.82154851575075
          ],
          [
            -120.94658926381476,
            38.82133278062044
          ],
          [
            -120.94661849807333,
            38.82111704547053
          ],
          [
            -120.94664773212672,
            38.820901310301004
          ],
          [
            -120.94669998999531,
            38.82068597993146
          ],
          [
            -120.94670619961781,
            38.82046983990316
          ],
          [
            -120.94671240917366,
            38.82025369986601
          ],
          [
            -120.94671861866283,
            38.82003755982
          ],
          [
            -120.94679389931537,
            38.81982263415935
          ],
          [
            -120.94686917948839,
            38.81960770843042
          ],
          [
            -120.94692143557431,
            38.81939237787305
          ],
          [
            -120.94701973839585,
            38.819177856767645
          ],
          [
            -120.94714106407436,
            38.818963740273645
          ],
          [
            -120.94742355285116,
            38.81875245634255
          ],
          [
            -120.94770603995985,
            38.81854117167523
          ],
          [
            -120.94798542277265,
            38.818437956413554
          ],
          [
            -120.94826170259051,
            38.81844281062005
          ],
          [
            -120.94853798247502,
            38.818447664173725
          ],
          [
            -120.94881684690787,
            38.81836245857664
          ],
          [
            -120.94909467705305,
            38.81831327570034
          ],
          [
            -120.94937095658128,
            38.818318127270715
          ],
          [
            -120.94964723617605,
            38.81832297818827
          ],
          [
            -120.94992351583736,
            38.81832782845301
          ],
          [
            -120.95019979556523,
            38.81833267806493
          ],
          [
            -120.95047607535963,
            38.81833752702401
          ],
          [
            -120.95075183881303,
            38.818360387051904
          ],
          [
            -120.95102656979316,
            38.8184192698822
          ],
          [
            -120.95130181752394,
            38.81846014035029
          ],
          [
            -120.95157603319149,
            38.81853703363847
          ],
          [
            -120.95185024947418,
            38.81861392629762
          ],
          [
            -120.95212446637203,
            38.818690818327774
          ],
          [
            -120.95239816788433,
            38.818785721467734
          ],
          [
            -120.95267187014662,
            38.8188806239843
          ],
          [
            -120.95294763662116,
            38.818903478899365
          ],
          [
            -120.95322391909606,
            38.818908321420025
          ],
          [
            -120.95349917018522,
            38.818949186789396
          ],
          [
            -120.9537733903001,
            38.819026075025334
          ],
          [
            -120.9540476110301,
            38.8191029626322
          ],
          [
            -120.95432131685135,
            38.81919786136924
          ],
          [
            -120.95459502342256,
            38.81929275948286
          ],
          [
            -120.95486821535386,
            38.81940566873777
          ],
          [
            -120.9551398621969,
            38.81957261267681
          ],
          [
            -120.95541460186806,
            38.81963148539379
          ],
          [
            -120.95568934201852,
            38.819690357475935
          ],
          [
            -120.9559630524066,
            38.81978525247506
          ],
          [
            -120.95623624849034,
            38.819898158629336
          ],
          [
            -120.95651047543257,
            38.81997504060289
          ],
          [
            -120.95678264330938,
            38.82012396908396
          ],
          [
            -120.9570558420447,
            38.820236873384296
          ],
          [
            -120.95733007123808,
            38.82031375348756
          ],
          [
            -120.95760430104647,
            38.820390632961676
          ],
          [
            -120.95787801681841,
            38.820485523601924
          ],
          [
            -120.95815327709177,
            38.820526378224336
          ],
          [
            -120.95842956673582,
            38.82053120860355
          ],
          [
            -120.95870585644616,
            38.82053603832986
          ],
          [
            -120.95898214622275,
            38.82054086740329
          ],
          [
            -120.9592584360656,
            38.82054569582384
          ],
          [
            -120.95953472597468,
            38.82055052359151
          ],
          [
            -120.95981255844619,
            38.82050131525584
          ],
          [
            -120.96009296102604,
            38.82036204714656
          ],
          [
            -120.96037541860007,
            38.82015073103433
          ],
          [
            -120.96065787450581,
            38.81993941418633
          ],
          [
            -120.9609403287433,
            38.819728096602546
          ],
          [
            -120.96122278131257,
            38.81951677828302
          ],
          [
            -120.96136708948669,
            38.81930304782012
          ],
          [
            -120.96151139677706,
            38.819089317148155
          ],
          [
            -120.96179384510964,
            38.818877997311304
          ],
          [
            -120.96207629177404,
            38.818666676738744
          ],
          [
            -120.9623566828234,
            38.81852740283718
          ],
          [
            -120.96263655938273,
            38.81840614008462
          ],
          [
            -120.96291797503714,
            38.81823084105706
          ],
          [
            -120.96319990258814,
            38.818037529446386
          ],
          [
            -120.9634797758501,
            38.817916264572254
          ],
          [
            -120.96375913506155,
            38.81781301086866
          ],
          [
            -120.96403951958567,
            38.81767373272709
          ],
          [
            -120.96431887708366,
            38.817570477632586
          ],
          [
            -120.96459772089335,
            38.817485233726
          ],
          [
            -120.96487605123008,
            38.81741800101752
          ],
          [
            -120.96515489383067,
            38.81733275574403
          ],
          [
            -120.96543424847975,
            38.8172294978954
          ],
          [
            -120.96571462757625,
            38.817090215567696
          ],
          [
            -120.96599346796833,
            38.81700496822526
          ],
          [
            -120.96627384513366,
            38.8168656844963
          ],
          [
            -120.96655627080945,
            38.81665435244435
          ],
          [
            -120.96683869481726,
            38.81644301965691
          ],
          [
            -120.96712111715705,
            38.816231686134024
          ],
          [
            -120.96740353782889,
            38.81602035187568
          ],
          [
            -120.96768595683274,
            38.8158090168819
          ],
          [
            -120.96783023804927,
            38.815595277578915
          ],
          [
            -120.96783638267993,
            38.8153791345117
          ],
          [
            -120.96784252724467,
            38.815162991435635
          ],
          [
            -120.96777960431537,
            38.814945646530305
          ],
          [
            -120.9677166817412,
            38.8147283015938
          ],
          [
            -120.96767678185597,
            38.8145113572585
          ],
          [
            -120.9676829267128,
            38.814295214171665
          ],
          [
            -120.96759698272706,
            38.81407746854386
          ],
          [
            -120.9674649949957,
            38.81385892153591
          ],
          [
            -120.96737905214721,
            38.813641175764445
          ],
          [
            -120.96729310979597,
            38.81342342993623
          ],
          [
            -120.96720716794202,
            38.81320568405123
          ],
          [
            -120.96716727025769,
            38.81298873955333
          ],
          [
            -120.96701226396176,
            38.81276979136721
          ],
          [
            -120.96692632367089,
            38.81255204529689
          ],
          [
            -120.96684038387728,
            38.81233429916981
          ],
          [
            -120.96680048768178,
            38.81211735455933
          ],
          [
            -120.96676059170005,
            38.81190040993416
          ],
          [
            -120.96662861029543,
            38.81168186208162
          ],
          [
            -120.96658871502287,
            38.811464917403164
          ],
          [
            -120.96654881996409,
            38.81124797271006
          ],
          [
            -120.96653194631637,
            38.811031428830226
          ],
          [
            -120.96644600936139,
            38.81081368244138
          ],
          [
            -120.96638309395873,
            38.81059633684929
          ],
          [
            -120.96638924186664,
            38.81038019379097
          ],
          [
            -120.96639538970855,
            38.810164050723806
          ],
          [
            -120.96640153748449,
            38.8099479076478
          ],
          [
            -120.96659185142865,
            38.809734971129515
          ],
          [
            -120.96678216422454,
            38.809522034263104
          ],
          [
            -120.96704153782268,
            38.80931029920025
          ],
          [
            -120.9672088275398,
            38.80909696084625
          ],
          [
            -120.96737611624076,
            38.80888362221829
          ],
          [
            -120.96761246528384,
            38.80867148511404
          ],
          [
            -120.96775673136678,
            38.80845774527387
          ],
          [
            -120.96797005752862,
            38.80824520680011
          ],
          [
            -120.96813734190003,
            38.80803186693714
          ],
          [
            -120.96830462525537,
            38.807818526800226
          ],
          [
            -120.96851794784065,
            38.80760598720815
          ],
          [
            -120.96859314880614,
            38.80739104493734
          ],
          [
            -120.96878344923516,
            38.80717810439936
          ],
          [
            -120.96888166882468,
            38.806963562239
          ],
          [
            -120.96907196722074,
            38.80675062116226
          ],
          [
            -120.9693313238418,
            38.80653888046405
          ],
          [
            -120.96961369865156,
            38.80632753932132
          ],
          [
            -120.96989607179415,
            38.80611619744347
          ],
          [
            -120.9701784432696,
            38.80590485483051
          ],
          [
            -120.9704546784998,
            38.805909655260756
          ],
          [
            -120.97073091379585,
            38.805914455038454
          ],
          [
            -120.97100714915773,
            38.80591925416358
          ],
          [
            -120.97128338458546,
            38.805924052636136
          ],
          [
            -120.97155962007899,
            38.805928850456155
          ],
          [
            -120.97183585563833,
            38.80593364762359
          ],
          [
            -120.97211209126348,
            38.80593844413847
          ],
          [
            -120.97238832695442,
            38.80594324000078
          ],
          [
            -120.97266456271115,
            38.80594803521054
          ],
          [
            -120.97294079853364,
            38.805952829767726
          ],
          [
            -120.97321703442192,
            38.80595762367234
          ],
          [
            -120.97349327037595,
            38.80596241692441
          ],
          [
            -120.97376950639573,
            38.8059672095239
          ],
          [
            -120.97404574248125,
            38.80597200147082
          ],
          [
            -120.9743219786325,
            38.805976792765186
          ],
          [
            -120.97459821484946,
            38.805981583406975
          ],
          [
            -120.97487445113214,
            38.805986373396216
          ],
          [
            -120.9751486473301,
            38.80606321086554
          ],
          [
            -120.97542437405278,
            38.80608601159796
          ],
          [
            -120.97570061087985,
            38.80609079964479
          ],
          [
            -120.97597684777263,
            38.80609558703905
          ],
          [
            -120.97625308473107,
            38.806100373780744
          ],
          [
            -120.97652983144658,
            38.80608714782155
          ],
          [
            -120.97680759733001,
            38.806037897100516
          ],
          [
            -120.9770848533084,
            38.80600665776281
          ],
          [
            -120.97736159959292,
            38.805993429817974
          ],
          [
            -120.97763834580367,
            38.80598020121439
          ],
          [
            -120.97791458260022,
            38.805984984016156
          ],
          [
            -120.97819438434966,
            38.805863681693886
          ],
          [
            -120.97847367597427,
            38.80576039074423
          ],
          [
            -120.97875143944157,
            38.805711135326106
          ],
          [
            -120.97903378402258,
            38.8054997705367
          ],
          [
            -120.97931612693644,
            38.80528840501253
          ],
          [
            -120.97959846818318,
            38.805077038753616
          ],
          [
            -120.97988080776281,
            38.80486567175996
          ],
          [
            -120.9799789909735,
            38.804651119204806
          ],
          [
            -120.9800311350346,
            38.80443577033421
          ],
          [
            -120.98006025955554,
            38.80422002332492
          ],
          [
            -120.98006636474335,
            38.80400387819973
          ],
          [
            -120.98007246986565,
            38.803787733065704
          ],
          [
            -120.98014763189441,
            38.80357278218026
          ],
          [
            -120.98029185021683,
            38.80335902539356
          ],
          [
            -120.98036701108498,
            38.8031440743223
          ],
          [
            -120.98053424663236,
            38.80293071520871
          ],
          [
            -120.98060940627181,
            38.80271576393497
          ],
          [
            -120.98068456543315,
            38.802500812593294
          ],
          [
            -120.98075972411635,
            38.80228586118368
          ],
          [
            -120.98078884528653,
            38.80207011383556
          ],
          [
            -120.98084098470095,
            38.801854764397945
          ],
          [
            -120.98098519729719,
            38.80164100654722
          ],
          [
            -120.98099129912902,
            38.80142486120306
          ],
          [
            -120.98099740089536,
            38.801208715850066
          ],
          [
            -120.98104953894388,
            38.80099336625577
          ],
          [
            -120.98117073097025,
            38.80077921020327
          ],
          [
            -120.98126890420826,
            38.800564656168035
          ],
          [
            -120.98139009480464,
            38.800350499835965
          ],
          [
            -120.98141921303545,
            38.800134752191305
          ],
          [
            -120.9814253132283,
            38.79991860673344
          ],
          [
            -120.98154650218349,
            38.799704450174836
          ],
          [
            -120.98159863729356,
            38.79948910020947
          ],
          [
            -120.98160473680385,
            38.79927295470375
          ],
          [
            -120.98170290648947,
            38.799058400161236
          ],
          [
            -120.98177805806809,
            38.79884344779796
          ],
          [
            -120.98178415689588,
            38.798627302244384
          ],
          [
            -120.98179025565824,
            38.79841115668199
          ],
          [
            -120.98179635435513,
            38.798195011110764
          ],
          [
            -120.98180245298654,
            38.79797886553071
          ],
          [
            -120.98180855155252,
            38.79776271994183
          ],
          [
            -120.98181465005301,
            38.79754657434413
          ],
          [
            -120.98170566345898,
            38.797328440201284
          ],
          [
            -120.98155064364015,
            38.79710951048147
          ],
          [
            -120.98141864160992,
            38.79689097834721
          ],
          [
            -120.98128664036382,
            38.796672446077665
          ],
          [
            -120.98120067333384,
            38.796454709303056
          ],
          [
            -120.98120677338575,
            38.79623856373789
          ],
          [
            -120.98112080706532,
            38.79602082690978
          ],
          [
            -120.9810118247378,
            38.79580269218488
          ],
          [
            -120.98092585948312,
            38.79558495522795
          ],
          [
            -120.98083989472568,
            38.79536721821414
          ],
          [
            -120.98082297933856,
            38.79515067478522
          ],
          [
            -120.98082908024733,
            38.79493452922205
          ],
          [
            -120.98083518109061,
            38.79471838365006
          ],
          [
            -120.9808873140362,
            38.794503033789425
          ],
          [
            -120.98107754274355,
            38.79429007086883
          ],
          [
            -120.98122173839913,
            38.79407631203761
          ],
          [
            -120.98150402849164,
            38.79386493945119
          ],
          [
            -120.98178631691798,
            38.79365356613037
          ],
          [
            -120.98206555526613,
            38.793550264968125
          ],
          [
            -120.98234174483477,
            38.793555036026035
          ],
          [
            -120.98261945826037,
            38.79350576996715
          ],
          [
            -120.98290174204374,
            38.79329439381115
          ],
          [
            -120.9831610085009,
            38.793082619527496
          ],
          [
            -120.98325916426376,
            38.792868063109964
          ],
          [
            -120.98326525731834,
            38.79265191713754
          ],
          [
            -120.9832713503075,
            38.79243577115629
          ],
          [
            -120.98327744323127,
            38.79221962516622
          ],
          [
            -120.98328353608967,
            38.79200347916732
          ],
          [
            -120.98328962888266,
            38.7917873331596
          ],
          [
            -120.98322667608521,
            38.79156999505436
          ],
          [
            -120.98314070853962,
            38.791352259535344
          ],
          [
            -120.98310077155587,
            38.791135318750015
          ],
          [
            -120.98301480486221,
            38.79091758314733
          ],
          [
            -120.98281376421983,
            38.790697860326645
          ],
          [
            -120.98261272479826,
            38.79047813718517
          ],
          [
            -120.98250374556531,
            38.790260003762576
          ],
          [
            -120.98250984033398,
            38.79004385779409
          ],
          [
            -120.98251593503723,
            38.78982771181676
          ],
          [
            -120.98252202967508,
            38.789611565830626
          ],
          [
            -120.98243606639028,
            38.789393829844805
          ],
          [
            -120.98235010360261,
            38.789176093802126
          ],
          [
            -120.98226414131204,
            38.78895835770255
          ],
          [
            -120.98217817951857,
            38.788740621546104
          ],
          [
            -120.98204618986611,
            38.788522090189666
          ],
          [
            -120.98191420099748,
            38.78830355869799
          ],
          [
            -120.9816441287208,
            38.788082641243584
          ],
          [
            -120.98137405810985,
            38.78786172320147
          ],
          [
            -120.98124207245807,
            38.787643191014624
          ],
          [
            -120.98117912902657,
            38.7874258519253
          ],
          [
            -120.98118522717843,
            38.78720970602825
          ],
          [
            -120.9811913252648,
            38.786993560122376
          ],
          [
            -120.98117440968134,
            38.786777016477146
          ],
          [
            -120.98118050770624,
            38.78656087055667
          ],
          [
            -120.98118660566567,
            38.78634472462738
          ],
          [
            -120.98119270355967,
            38.78612857868926
          ],
          [
            -120.98119880138822,
            38.78591243274232
          ],
          [
            -120.98120489915132,
            38.78569628678654
          ],
          [
            -120.98118798366139,
            38.785479743105185
          ],
          [
            -120.98114805512799,
            38.78526280169381
          ],
          [
            -120.98115415290295,
            38.785046655720734
          ],
          [
            -120.98116025061243,
            38.78483050973881
          ],
          [
            -120.9811663482565,
            38.78461436374807
          ],
          [
            -120.9811724458351,
            38.7843982177485
          ],
          [
            -120.98124758166058,
            38.784183264849034
          ],
          [
            -120.98139175512067,
            38.783969504899915
          ],
          [
            -120.98153592769901,
            38.783755744742315
          ],
          [
            -120.98163407425359,
            38.78354118915616
          ],
          [
            -120.98189330772689,
            38.78332941650721
          ],
          [
            -120.98203747746005,
            38.78311565563355
          ],
          [
            -120.98215863393888,
            38.7829014970479
          ],
          [
            -120.98237183889452,
            38.78268892819391
          ],
          [
            -120.9826080548146,
            38.78247675632531
          ],
          [
            -120.98286728150462,
            38.78226498129715
          ],
          [
            -120.98312650665775,
            38.78205320564517
          ],
          [
            -120.98333970617678,
            38.78184063485014
          ],
          [
            -120.98355290441829,
            38.781628063624645
          ],
          [
            -120.9837891133001,
            38.781415889142956
          ],
          [
            -120.98393327336525,
            38.7812021256077
          ],
          [
            -120.984192491478,
            38.78099034736535
          ],
          [
            -120.98447471977678,
            38.7807789655331
          ],
          [
            -120.98475643925258,
            38.78058559518546
          ],
          [
            -120.98503714304405,
            38.780428248555786
          ],
          [
            -120.98531784561528,
            38.78027090121433
          ],
          [
            -120.98560006777745,
            38.780059516472754
          ],
          [
            -120.98588228827454,
            38.77984813099726
          ],
          [
            -120.98604945021282,
            38.779634761285934
          ],
          [
            -120.98623962244841,
            38.779421787976
          ],
          [
            -120.98642979353774,
            38.77920881431876
          ],
          [
            -120.98668899702402,
            38.77899703007557
          ],
          [
            -120.9869712100912,
            38.77878564173398
          ],
          [
            -120.98725240850528,
            38.778610277163324
          ],
          [
            -120.98753411197224,
            38.77841689961771
          ],
          [
            -120.98781530757742,
            38.77824153360551
          ],
          [
            -120.988094476722,
            38.77813821592729
          ],
          [
            -120.98837313888069,
            38.778052909824915
          ],
          [
            -120.98865382491958,
            38.77789555395895
          ],
          [
            -120.98893197945439,
            38.77782825874876
          ],
          [
            -120.9892086155299,
            38.777814999690904
          ],
          [
            -120.98948575744946,
            38.77778372769541
          ],
          [
            -120.98976542838695,
            38.77766239362101
          ],
          [
            -120.99004560416876,
            38.777523046562564
          ],
          [
            -120.99032173326793,
            38.77752779711867
          ],
          [
            -120.99059786243221,
            38.777532547022844
          ],
          [
            -120.99087904728087,
            38.77735717331492
          ],
          [
            -120.99115669235057,
            38.77730788498651
          ],
          [
            -120.99143383164663,
            38.77727660829012
          ],
          [
            -120.99171349746481,
            38.77715526939932
          ],
          [
            -120.99199366762817,
            38.77701591750144
          ],
          [
            -120.99227484711719,
            38.77684054027256
          ],
          [
            -120.99255602523878,
            38.776665162324925
          ],
          [
            -120.99283821209497,
            38.776453759017144
          ],
          [
            -120.99312039728638,
            38.77624235497579
          ],
          [
            -120.99321849823944,
            38.77602778819073
          ],
          [
            -120.99327057807602,
            38.77581243079461
          ],
          [
            -120.99332265757195,
            38.775597073359435
          ],
          [
            -120.9935358075398,
            38.77538448240608
          ],
          [
            -120.99381798638983,
            38.775173076475184
          ],
          [
            -120.99403113360786,
            38.77496048453029
          ],
          [
            -120.99424427954894,
            38.774747892155304
          ],
          [
            -120.99452645378864,
            38.774536484368085
          ],
          [
            -120.99480862636369,
            38.77432507584741
          ],
          [
            -120.9950907972741,
            38.7741136665933
          ],
          [
            -120.99537296651994,
            38.773902256605744
          ],
          [
            -120.995651099748,
            38.77383494476593
          ],
          [
            -120.99593175359726,
            38.77367757043242
          ],
          [
            -120.99621240622649,
            38.77352019538754
          ],
          [
            -120.99649356171118,
            38.77334480726066
          ],
          [
            -120.99677521982976,
            38.77315140604086
          ],
          [
            -120.99705536465099,
            38.773012041229215
          ],
          [
            -120.9973370199616,
            38.77281863856877
          ],
          [
            -120.99761565107256,
            38.77273330949334
          ],
          [
            -120.99789780750572,
            38.77252189301471
          ],
          [
            -120.99817996227438,
            38.7723104758028
          ],
          [
            -120.99846211537857,
            38.7720990578576
          ],
          [
            -120.99874225288261,
            38.77195968877869
          ],
          [
            -120.9990193688337,
            38.77192839341417
          ],
          [
            -120.99930051131061,
            38.7717529981351
          ],
          [
            -120.99946761411763,
            38.771539607369256
          ],
          [
            -120.99947365362364,
            38.77132345845632
          ],
          [
            -120.9994796930648,
            38.77110730953458
          ],
          [
            -120.99953174995791,
            38.77089194857859
          ],
          [
            -120.99965283258378,
            38.770677769475284
          ],
          [
            -120.99970488859073,
            38.77046240840503
          ],
          [
            -120.99977995281235,
            38.77024744122647
          ],
          [
            -120.9997859910973,
            38.77003129222438
          ],
          [
            -120.9999300798251,
            38.769817506666236
          ],
          [
            -121.00012018437837,
            38.76960450862111
          ],
          [
            -121.00033329607419,
            38.76939190404358
          ],
          [
            -121.00045437360522,
            38.769177723926155
          ],
          [
            -121.00055244223547,
            38.76896314989334
          ],
          [
            -121.00062750216756,
            38.76874818200852
          ],
          [
            -121.0007715856778,
            38.7685343952324
          ],
          [
            -121.00098469216644,
            38.76832178929336
          ],
          [
            -121.00117478949045,
            38.768108789291084
          ],
          [
            -121.00143390913773,
            38.76789696971098
          ],
          [
            -121.00171603500864,
            38.76768554303577
          ],
          [
            -121.00199815921543,
            38.767474115627536
          ],
          [
            -121.00228028175815,
            38.767262687486266
          ],
          [
            -121.00256240263681,
            38.767051258611986
          ],
          [
            -121.00284301476528,
            38.766893866386575
          ],
          [
            -121.00312463025182,
            38.766700448521846
          ],
          [
            -121.00340674643724,
            38.76648901746365
          ],
          [
            -121.00368785667982,
            38.76631361061584
          ],
          [
            -121.0039699696867,
            38.76610217809928
          ],
          [
            -121.00425157903894,
            38.76590875732887
          ],
          [
            -121.0045331868762,
            38.765715335833
          ],
          [
            -121.00481479319852,
            38.76552191361171
          ],
          [
            -121.00509689977373,
            38.76531047817482
          ],
          [
            -121.0053785029919,
            38.76511705449896
          ],
          [
            -121.00566060631402,
            38.76490561760013
          ],
          [
            -121.00594270797225,
            38.764694179968465
          ],
          [
            -121.00622430649716,
            38.76450075410908
          ],
          [
            -121.00650640490238,
            38.76428931501553
          ],
          [
            -121.00678850164378,
            38.76407787518923
          ],
          [
            -121.00706959422928,
            38.7639024596626
          ],
          [
            -121.0073471772284,
            38.763853131054994
          ],
          [
            -121.00762576208142,
            38.76376777673187
          ],
          [
            -121.00790785351225,
            38.76355633404202
          ],
          [
            -121.0081669368231,
            38.76334449840275
          ],
          [
            -121.00828798025705,
            38.76313030906247
          ],
          [
            -121.00840902294449,
            38.762916119570136
          ],
          [
            -121.0085990836516,
            38.76270310633152
          ],
          [
            -121.00888116797869,
            38.762491661067145
          ],
          [
            -121.00915824370855,
            38.76246034050828
          ],
          [
            -121.00943431797222,
            38.7624650443787
          ],
          [
            -121.00971039230033,
            38.762469747597514
          ],
          [
            -121.00998646669292,
            38.76247445016473
          ],
          [
            -121.01026204073143,
            38.76249716463584
          ],
          [
            -121.01053611392092,
            38.76257391613633
          ],
          [
            -121.01081068800573,
            38.76263265444725
          ],
          [
            -121.01108376191908,
            38.762745429815496
          ],
          [
            -121.01135733686235,
            38.76284019199962
          ],
          [
            -121.01162791204942,
            38.763043028974266
          ],
          [
            -121.01189798875095,
            38.763263877927095
          ],
          [
            -121.01216806711625,
            38.76348472629164
          ],
          [
            -121.01216206759763,
            38.76370087716679
          ],
          [
            -121.01215606801465,
            38.763917028033134
          ],
          [
            -121.01215006836725,
            38.76413317889068
          ],
          [
            -121.01216707548998,
            38.76434972118176
          ],
          [
            -121.0122531034029,
            38.7645674377608
          ],
          [
            -121.01240815274609,
            38.76478632849194
          ],
          [
            -121.0126782382768,
            38.76500717581615
          ],
          [
            -121.01292531834395,
            38.76522763125607
          ],
          [
            -121.01301134952668,
            38.7654453473347
          ],
          [
            -121.01307437393756,
            38.76566267208585
          ],
          [
            -121.01311439136464,
            38.765879605541265
          ],
          [
            -121.01317741641618,
            38.76609693024
          ],
          [
            -121.01328645678548,
            38.76631503738888
          ],
          [
            -121.0133724902421,
            38.76653275322692
          ],
          [
            -121.01343551657268,
            38.766750077799394
          ],
          [
            -121.01349854325896,
            38.766967402340384
          ],
          [
            -121.01356157030092,
            38.76718472684985
          ],
          [
            -121.01364760553412,
            38.76740244250447
          ],
          [
            -121.01368762545194,
            38.76761937577425
          ],
          [
            -121.01377366153793,
            38.76783709134469
          ],
          [
            -121.01385969812142,
            38.76805480685793
          ],
          [
            -121.01399175144216,
            38.768273304551016
          ],
          [
            -121.01410079735463,
            38.7684914110163
          ],
          [
            -121.01414081911905,
            38.7687083441451
          ],
          [
            -121.0141808410983,
            38.76892527725902
          ],
          [
            -121.01419785489003,
            38.76914181927956
          ],
          [
            -121.01423787722868,
            38.76935875236975
          ],
          [
            -121.014300908325,
            38.76957607651139
          ],
          [
            -121.01429491393789,
            38.76979222744057
          ],
          [
            -121.01433493685082,
            38.7700091604921
          ],
          [
            -121.01432894247374,
            38.77022531140968
          ],
          [
            -121.0143229480323,
            38.77044146231845
          ],
          [
            -121.01431695352655,
            38.77065761321844
          ],
          [
            -121.01431095895647,
            38.77087376410962
          ],
          [
            -121.01430496432204,
            38.771089914992004
          ],
          [
            -121.01429896962327,
            38.77130606586557
          ],
          [
            -121.01433899319724,
            38.77152299888547
          ],
          [
            -121.01435600774707,
            38.77173954082122
          ],
          [
            -121.01437302237171,
            38.771956082749654
          ],
          [
            -121.01441304644976,
            38.77217301573696
          ],
          [
            -121.01447608019203,
            38.77239033976499
          ],
          [
            -121.01456212381055,
            38.772608054802
          ],
          [
            -121.01457913915328,
            38.77282459669201
          ],
          [
            -121.01461916423135,
            38.773041529607625
          ],
          [
            -121.01465918952432,
            38.77325846250834
          ],
          [
            -121.01472222483363,
            38.77347578641047
          ],
          [
            -121.01476225062665,
            38.773692719275346
          ],
          [
            -121.01482528657696,
            38.77391004312499
          ],
          [
            -121.01502638297119,
            38.77412971278262
          ],
          [
            -121.01529651085599,
            38.77435055486418
          ],
          [
            -121.01556863760314,
            38.77449934605185
          ],
          [
            -121.01584176396038,
            38.774612111473694
          ],
          [
            -121.01611339370073,
            38.77477891402229
          ],
          [
            -121.0163850247178,
            38.77494571596803
          ],
          [
            -121.01665765508226,
            38.77507649213797
          ],
          [
            -121.01693178336419,
            38.77515322992738
          ],
          [
            -121.01720541335818,
            38.775247979679904
          ],
          [
            -121.01747904409896,
            38.775342728808994
          ],
          [
            -121.01775367311743,
            38.77540145211974
          ],
          [
            -121.0180278039151,
            38.77547818739629
          ],
          [
            -121.01830243395443,
            38.77553690944089
          ],
          [
            -121.01857706447018,
            38.77559563085099
          ],
          [
            -121.01885269244812,
            38.77561832640911
          ],
          [
            -121.01912881905187,
            38.77562300870946
          ],
          [
            -121.01940494571983,
            38.77562769035788
          ],
          [
            -121.01968107245196,
            38.775632371354405
          ],
          [
            -121.01995819567736,
            38.77560102645729
          ],
          [
            -121.02023531868765,
            38.77556968089603
          ],
          [
            -121.02051293955623,
            38.775520322043455
          ],
          [
            -121.02079006206606,
            38.77548897515081
          ],
          [
            -121.02106668642797,
            38.77547564022743
          ],
          [
            -121.0213433107148,
            38.77546230464608
          ],
          [
            -121.0216214283049,
            38.77539493048804
          ],
          [
            -121.02189954539702,
            38.77532755565318
          ],
          [
            -121.02217716434116,
            38.775278192787596
          ],
          [
            -121.02245727082138,
            38.7751387660046
          ],
          [
            -121.02273787373151,
            38.77498132586488
          ],
          [
            -121.02301996771082,
            38.7747698470443
          ],
          [
            -121.02330156267058,
            38.774576380151785
          ],
          [
            -121.02358166427037,
            38.77443695052636
          ],
          [
            -121.0238627592133,
            38.77426149486232
          ],
          [
            -121.02414385278851,
            38.774086038480526
          ],
          [
            -121.02442593911643,
            38.77387455603135
          ],
          [
            -121.02470802377962,
            38.77366307284979
          ],
          [
            -121.02496709684154,
            38.77345119994133
          ],
          [
            -121.0252491782394,
            38.77323971535238
          ],
          [
            -121.02553125797262,
            38.773028230031116
          ],
          [
            -121.02581333604121,
            38.772816743977536
          ],
          [
            -121.02609441920956,
            38.77264128258539
          ],
          [
            -121.0263740113749,
            38.77251985857655
          ],
          [
            -121.02665211318944,
            38.77245247198171
          ],
          [
            -121.02692971810222,
            38.772403097416806
          ],
          [
            -121.02720682632528,
            38.77237173489136
          ],
          [
            -121.02748343806937,
            38.77235838441468
          ],
          [
            -121.02776054593211,
            38.772327020564276
          ],
          [
            -121.0280366613318,
            38.772331681487664
          ],
          [
            -121.02831277679539,
            38.772336341759214
          ],
          [
            -121.02858889232286,
            38.7723410013789
          ],
          [
            -121.0288650079142,
            38.77234566034673
          ],
          [
            -121.02914112356943,
            38.77235031866271
          ],
          [
            -121.0294172392885,
            38.772354976326824
          ],
          [
            -121.02969335507146,
            38.772359633339086
          ],
          [
            -121.02997145346991,
            38.77229223874012
          ],
          [
            -121.03024905580412,
            38.77224285620765
          ],
          [
            -121.03052665778203,
            38.77219347300491
          ],
          [
            -121.03080326855277,
            38.77218011463064
          ],
          [
            -121.03107987924818,
            38.772166755598526
          ],
          [
            -121.03135698515423,
            38.77213538315311
          ],
          [
            -121.03163310041286,
            38.77214003556068
          ],
          [
            -121.03190921573528,
            38.77214468731639
          ],
          [
            -121.03218533112145,
            38.77214933842025
          ],
          [
            -121.03246144657139,
            38.77215398887225
          ],
          [
            -121.03273756208509,
            38.7721586386724
          ],
          [
            -121.03301367766252,
            38.77216328782068
          ],
          [
            -121.0332897933037,
            38.7721679363171
          ],
          [
            -121.03356590900859,
            38.77217258416168
          ],
          [
            -121.03384202477719,
            38.77217723135439
          ],
          [
            -121.03411764601707,
            38.77219989068042
          ],
          [
            -121.03439376198243,
            38.77220453657239
          ],
          [
            -121.0346688891027,
            38.772245207394555
          ],
          [
            -121.03494451094846,
            38.77226786478266
          ],
          [
            -121.03521865004313,
            38.772344559914885
          ],
          [
            -121.03549328399981,
            38.77240324161866
          ],
          [
            -121.03576693006688,
            38.77249794829208
          ],
          [
            -121.03603860041262,
            38.772664705560246
          ],
          [
            -121.03631175418984,
            38.77277742380405
          ],
          [
            -121.03658441486255,
            38.7729081542391
          ],
          [
            -121.03685707654829,
            38.77303888406083
          ],
          [
            -121.03713122080185,
            38.77311557482484
          ],
          [
            -121.03740635323261,
            38.77315623932437
          ],
          [
            -121.03768247342971,
            38.77316087754235
          ],
          [
            -121.03795859369039,
            38.77316551510846
          ],
          [
            -121.03823471401468,
            38.773170152022665
          ],
          [
            -121.0385108344025,
            38.77317478828499
          ],
          [
            -121.0387869548539,
            38.773179423895414
          ],
          [
            -121.03906307536883,
            38.77318405885396
          ],
          [
            -121.03933968924402,
            38.77317068032208
          ],
          [
            -121.03961580981668,
            38.77317531397389
          ],
          [
            -121.03989193045285,
            38.7731799469738
          ],
          [
            -121.04016805115253,
            38.773184579321814
          ],
          [
            -121.04044417191575,
            38.77318921101795
          ],
          [
            -121.04072029274245,
            38.773193842062184
          ],
          [
            -121.04099641363264,
            38.77319847245453
          ],
          [
            -121.04127253458627,
            38.77320310219499
          ],
          [
            -121.04154964108568,
            38.773171705558894
          ],
          [
            -121.04182724003954,
            38.77312229539331
          ],
          [
            -121.04210533123582,
            38.7730548716888
          ],
          [
            -121.04238292940559,
            38.773005460179675
          ],
          [
            -121.04266052721867,
            38.77295604800034
          ],
          [
            -121.04293812467503,
            38.77290663515078
          ],
          [
            -121.0432162140906,
            38.772839208749716
          ],
          [
            -121.04335575089137,
            38.77278748241248
          ]
        ]
      }
    },
    {
      "type": "Feature",
      "properties": {
        "label": "Chili Bar Hole",
        "station_m": 0.0,
        "authority": "approximate_guide_mile_from_corrected_origin_not_verified_rapid",
        "published_river_mile_alias": 0.0,
        "production_promoted": false,
        "aligned_station_m": 0.1301080918790586
      },
      "geometry": {
        "type": "Point",
        "coordinates": [
          -120.82187173035261,
          38.76608755803534
        ]
      }
    },
    {
      "type": "Feature",
      "properties": {
        "label": "Meat Grinder",
        "station_m": 965.6064,
        "authority": "approximate_guide_mile_from_corrected_origin_not_verified_rapid",
        "published_river_mile_alias": 0.6,
        "production_promoted": false,
        "aligned_station_m": 982.1337246282901
      },
      "geometry": {
        "type": "Point",
        "coordinates": [
          -120.83147864584197,
          38.76947334343459
        ]
      }
    },
    {
      "type": "Feature",
      "properties": {
        "label": "Racehorse Bend",
        "station_m": 2092.1472000000003,
        "authority": "approximate_guide_mile_from_corrected_origin_not_verified_rapid",
        "published_river_mile_alias": 1.3,
        "production_promoted": false,
        "aligned_station_m": 2102.8032910631864
      },
      "geometry": {
        "type": "Point",
        "coordinates": [
          -120.84318995821556,
          38.77143510988413
        ]
      }
    },
    {
      "type": "Feature",
      "properties": {
        "label": "Maya",
        "station_m": 2414.016,
        "authority": "approximate_guide_mile_from_corrected_origin_not_verified_rapid",
        "published_river_mile_alias": 1.5,
        "production_promoted": false,
        "aligned_station_m": 2424.0700033517255
      },
      "geometry": {
        "type": "Point",
        "coordinates": [
          -120.84610625708918,
          38.76989462273209
        ]
      }
    },
    {
      "type": "Feature",
      "properties": {
        "label": "Rock Garden",
        "station_m": 2735.8848,
        "authority": "approximate_guide_mile_from_corrected_origin_not_verified_rapid",
        "published_river_mile_alias": 1.7,
        "production_promoted": false,
        "aligned_station_m": 2748.465653382505
      },
      "geometry": {
        "type": "Point",
        "coordinates": [
          -120.84940793532242,
          38.7701924500745
        ]
      }
    },
    {
      "type": "Feature",
      "properties": {
        "label": "African Queen",
        "station_m": 3218.688,
        "authority": "approximate_guide_mile_from_corrected_origin_not_verified_rapid",
        "published_river_mile_alias": 2.0,
        "production_promoted": false,
        "aligned_station_m": 3230.5049084920297
      },
      "geometry": {
        "type": "Point",
        "coordinates": [
          -120.84689674940444,
          38.77383987992846
        ]
      }
    },
    {
      "type": "Feature",
      "properties": {
        "label": "Triple Threat",
        "station_m": 4988.9664,
        "authority": "approximate_guide_mile_from_corrected_origin_not_verified_rapid",
        "published_river_mile_alias": 3.1,
        "production_promoted": false,
        "aligned_station_m": 5009.80865035208
      },
      "geometry": {
        "type": "Point",
        "coordinates": [
          -120.85726375895158,
          38.78352296049092
        ]
      }
    },
    {
      "type": "Feature",
      "properties": {
        "label": "Troublemaker",
        "station_m": 8331.567170562725,
        "authority": "orthophoto_crux_candidate_not_exact_hole_lip",
        "published_river_mile_alias": 5.2,
        "production_promoted": false,
        "aligned_station_m": 8344.473091165662
      },
      "geometry": {
        "type": "Point",
        "coordinates": [
          -120.88338395276332,
          38.79970799404425
        ]
      }
    },
    {
      "type": "Feature",
      "properties": {
        "label": "Fowler's Rock",
        "station_m": 25427.6352,
        "authority": "approximate_guide_mile_from_corrected_origin_not_verified_rapid",
        "published_river_mile_alias": 15.8,
        "production_promoted": false,
        "aligned_station_m": 25098.674768685618
      },
      "geometry": {
        "type": "Point",
        "coordinates": [
          -120.98192778596461,
          38.78827716341329
        ]
      }
    },
    {
      "type": "Feature",
      "properties": {
        "label": "Upper Haystack Canyon",
        "station_m": 26071.3728,
        "authority": "approximate_guide_mile_from_corrected_origin_not_verified_rapid",
        "published_river_mile_alias": 16.2,
        "production_promoted": false,
        "aligned_station_m": 25730.87621387725
      },
      "geometry": {
        "type": "Point",
        "coordinates": [
          -120.98221610883631,
          38.78303512331354
        ]
      }
    },
    {
      "type": "Feature",
      "properties": {
        "label": "Lost Hat",
        "station_m": 26876.0448,
        "authority": "approximate_guide_mile_from_corrected_origin_not_verified_rapid",
        "published_river_mile_alias": 16.7,
        "production_promoted": false,
        "aligned_station_m": 26538.826649548253
      },
      "geometry": {
        "type": "Point",
        "coordinates": [
          -120.98869009266718,
          38.77800952822711
        ]
      }
    },
    {
      "type": "Feature",
      "properties": {
        "label": "Satan's Cesspool",
        "station_m": 27197.9136,
        "authority": "approximate_guide_mile_from_corrected_origin_not_verified_rapid",
        "published_river_mile_alias": 16.9,
        "production_promoted": false,
        "aligned_station_m": 26866.696702477344
      },
      "geometry": {
        "type": "Point",
        "coordinates": [
          -120.99214747816075,
          38.777054505242525
        ]
      }
    },
    {
      "type": "Feature",
      "properties": {
        "label": "Son of Satan",
        "station_m": 27358.848,
        "authority": "approximate_guide_mile_from_corrected_origin_not_verified_rapid",
        "published_river_mile_alias": 17.0,
        "production_promoted": false,
        "aligned_station_m": 27019.442478262128
      },
      "geometry": {
        "type": "Point",
        "coordinates": [
          -120.99319211572907,
          38.7759792573972
        ]
      }
    },
    {
      "type": "Feature",
      "properties": {
        "label": "Scissors",
        "station_m": 28002.5856,
        "authority": "approximate_guide_mile_from_corrected_origin_not_verified_rapid",
        "published_river_mile_alias": 17.4,
        "production_promoted": false,
        "aligned_station_m": 27665.26241705522
      },
      "geometry": {
        "type": "Point",
        "coordinates": [
          -120.99874546211895,
          38.7723809622713
        ]
      }
    },
    {
      "type": "Feature",
      "properties": {
        "label": "Lower Haystack Canyon",
        "station_m": 28324.454400000002,
        "authority": "approximate_guide_mile_from_corrected_origin_not_verified_rapid",
        "published_river_mile_alias": 17.6,
        "production_promoted": false,
        "aligned_station_m": 27975.86066323409
      },
      "geometry": {
        "type": "Point",
        "coordinates": [
          -121.00000019787974,
          38.76981014317524
        ]
      }
    },
    {
      "type": "Feature",
      "properties": {
        "label": "Bouncing Rock",
        "station_m": 29290.0608,
        "authority": "approximate_guide_mile_from_corrected_origin_not_verified_rapid",
        "published_river_mile_alias": 18.2,
        "production_promoted": false,
        "aligned_station_m": 28942.655013020114
      },
      "geometry": {
        "type": "Point",
        "coordinates": [
          -121.0077385159611,
          38.76378287510212
        ]
      }
    },
    {
      "type": "Feature",
      "properties": {
        "label": "Pre-Op",
        "station_m": 29611.9296,
        "authority": "approximate_guide_mile_from_corrected_origin_not_verified_rapid",
        "published_river_mile_alias": 18.4,
        "production_promoted": false,
        "aligned_station_m": 29259.921292757255
      },
      "geometry": {
        "type": "Point",
        "coordinates": [
          -121.0104809185336,
          38.76259279986323
        ]
      }
    },
    {
      "type": "Feature",
      "properties": {
        "label": "Hospital Bar",
        "station_m": 29933.798400000003,
        "authority": "approximate_guide_mile_from_corrected_origin_not_verified_rapid",
        "published_river_mile_alias": 18.6,
        "production_promoted": false,
        "aligned_station_m": 29584.705531694934
      },
      "geometry": {
        "type": "Point",
        "coordinates": [
          -121.01230971560987,
          38.76476515768333
        ]
      }
    },
    {
      "type": "Feature",
      "properties": {
        "label": "Recovery Room",
        "station_m": 30255.667200000004,
        "authority": "approximate_guide_mile_from_corrected_origin_not_verified_rapid",
        "published_river_mile_alias": 18.8,
        "production_promoted": false,
        "aligned_station_m": 29904.783445496807
      },
      "geometry": {
        "type": "Point",
        "coordinates": [
          -121.0136564975255,
          38.76737629882576
        ]
      }
    },
    {
      "type": "Feature",
      "properties": {
        "label": "Surprise",
        "station_m": 31060.339200000002,
        "authority": "approximate_guide_mile_from_corrected_origin_not_verified_rapid",
        "published_river_mile_alias": 19.3,
        "production_promoted": false,
        "aligned_station_m": 30706.593935194956
      },
      "geometry": {
        "type": "Point",
        "coordinates": [
          -121.015234534931,
          38.77441522872614
        ]
      }
    },
    {
      "type": "Feature",
      "id": "chili_bar_bridge_channel_crossing",
      "properties": {
        "id": "chili_bar_bridge_channel_crossing",
        "image": "chili_bar",
        "pixel_xy": [
          751,
          819
        ],
        "interpretation": "Highway 193 bridge crosses the main channel here; station-zero reference, not exact raft launch.",
        "estimated_horizontal_uncertainty_m": 8,
        "role": "route_origin",
        "metric_xy": [
          689242.1090319772,
          4293052.712264732
        ],
        "source_acquisition_date": "2022-07-21",
        "aligned_station_m": 9.06302453988686
      },
      "geometry": {
        "type": "Point",
        "coordinates": [
          -120.82182201956284,
          38.76590910207332
        ]
      }
    },
    {
      "type": "Feature",
      "id": "troublemaker_crux_search",
      "properties": {
        "id": "troublemaker_crux_search",
        "image": "troublemaker",
        "pixel_xy": [
          823,
          887
        ],
        "interpretation": "Constricted whitewater between exposed bedrock masses; refine the hole lip from low-flow imagery and footage before final hydraulic calibration.",
        "estimated_horizontal_uncertainty_m": 15,
        "role": "rapid_crux_candidate",
        "metric_xy": [
          683805.1336302214,
          4296673.447587562
        ],
        "source_acquisition_date": "2022-07-21",
        "aligned_station_m": 8343.945510130981
      },
      "geometry": {
        "type": "Point",
        "coordinates": [
          -120.88339721792708,
          38.79966504465925
        ]
      }
    }
  ]
}