{
  "comparisons": [
    {
      "authored_strength": 0.297174916521739,
      "authored_x": 21.93846153846154,
      "authored_y": 0.0,
      "cpp": {
        "distance_to_authored": 7.297255705291022,
        "strength": 1.8497659294353068,
        "x": 24.0,
        "y": -7.0
      },
      "feature_index": 0,
      "kind": "constriction",
      "location_delta": 0.0,
      "pyclaw": {
        "distance_to_authored": 7.297255705291022,
        "strength": 1.849766093692535,
        "x": 24.0,
        "y": -7.0
      },
      "reference": {
        "distance_to_authored": 7.297255705291022,
        "strength": 1.849766093692535,
        "x": 24.0,
        "y": -7.0
      },
      "reference_solver": "geoclaw",
      "strength_delta": -1.6425722826340916e-07
    },
    {
      "authored_strength": 0.1279338015626086,
      "authored_x": 29.93846153846154,
      "authored_y": 0.0,
      "cpp": {
        "distance_to_authored": 7.297255705291022,
        "strength": 0.4948459002068254,
        "x": 32.0,
        "y": -7.0
      },
      "feature_index": 1,
      "kind": "wave_train",
      "location_delta": 0.0,
      "pyclaw": {
        "distance_to_authored": 7.297255705291022,
        "strength": 0.4948459002068264,
        "x": 32.0,
        "y": -7.0
      },
      "reference": {
        "distance_to_authored": 7.297255705291022,
        "strength": 0.4948459002068264,
        "x": 32.0,
        "y": -7.0
      },
      "reference_solver": "geoclaw",
      "strength_delta": -9.992007221626409e-16
    },
    {
      "authored_strength": 0.30032417999999994,
      "authored_x": 44.83076923076923,
      "authored_y": 0.0,
      "cpp": {
        "distance_to_authored": 5.919799292935451,
        "strength": 2.0151221477752514,
        "x": 48.0,
        "y": 5.0
      },
      "feature_index": 2,
      "kind": "constriction",
      "location_delta": 0.0,
      "pyclaw": {
        "distance_to_authored": 5.919799292935451,
        "strength": 2.0151221477752608,
        "x": 48.0,
        "y": 5.0
      },
      "reference": {
        "distance_to_authored": 5.919799292935451,
        "strength": 2.0151221477752608,
        "x": 48.0,
        "y": 5.0
      },
      "reference_solver": "geoclaw",
      "strength_delta": -9.325873406851315e-15
    },
    {
      "authored_strength": 0.12928955948999993,
      "authored_x": 52.83076923076923,
      "authored_y": 0.0,
      "cpp": {
        "distance_to_authored": 7.0491260107046525,
        "strength": 1.6456513106812196,
        "x": 52.0,
        "y": 7.0
      },
      "feature_index": 3,
      "kind": "wave_train",
      "location_delta": 0.0,
      "pyclaw": {
        "distance_to_authored": 7.0491260107046525,
        "strength": 1.6456513106812216,
        "x": 52.0,
        "y": 7.0
      },
      "reference": {
        "distance_to_authored": 7.0491260107046525,
        "strength": 1.6456513106812216,
        "x": 52.0,
        "y": 7.0
      },
      "reference_solver": "geoclaw",
      "strength_delta": -1.9984014443252818e-15
    },
    {
      "authored_strength": 0.2710498992792794,
      "authored_x": 69.63076923076923,
      "authored_y": 0.0,
      "cpp": {
        "distance_to_authored": 5.532924582702155,
        "strength": 1.6122964281784913,
        "x": 72.0,
        "y": 5.0
      },
      "feature_index": 4,
      "kind": "rock",
      "location_delta": 0.0,
      "pyclaw": {
        "distance_to_authored": 5.532924582702155,
        "strength": 1.6122964281784906,
        "x": 72.0,
        "y": 5.0
      },
      "reference": {
        "distance_to_authored": 5.532924582702155,
        "strength": 1.6122964281784906,
        "x": 72.0,
        "y": 5.0
      },
      "reference_solver": "geoclaw",
      "strength_delta": 6.661338147750939e-16
    },
    {
      "authored_strength": 0.11668698163972975,
      "authored_x": 77.63076923076923,
      "authored_y": 0.0,
      "cpp": {
        "distance_to_authored": 1.912957993272114,
        "strength": 1.935205116300125,
        "x": 76.0,
        "y": 1.0
      },
      "feature_index": 5,
      "kind": "wave_train",
      "location_delta": 0.0,
      "pyclaw": {
        "distance_to_authored": 1.912957993272114,
        "strength": 1.9352051163001254,
        "x": 76.0,
        "y": 1.0
      },
      "reference": {
        "distance_to_authored": 1.912957993272114,
        "strength": 1.9352051163001254,
        "x": 76.0,
        "y": 1.0
      },
      "reference_solver": "geoclaw",
      "strength_delta": -4.440892098500626e-16
    },
    {
      "authored_strength": 0.2763770481864623,
      "authored_x": 96.57692307692308,
      "authored_y": 0.0,
      "cpp": {
        "distance_to_authored": 3.0549697603554757,
        "strength": 4.717003614709833,
        "x": 96.0,
        "y": 3.0
      },
      "feature_index": 6,
      "kind": "constriction",
      "location_delta": 0.0,
      "pyclaw": {
        "distance_to_authored": 3.0549697603554757,
        "strength": 4.717003614709855,
        "x": 96.0,
        "y": 3.0
      },
      "reference": {
        "distance_to_authored": 3.0549697603554757,
        "strength": 4.717003614709855,
        "x": 96.0,
        "y": 3.0
      },
      "reference_solver": "geoclaw",
      "strength_delta": -2.1316282072803006e-14
    },
    {
      "authored_strength": 0.11898031924427199,
      "authored_x": 104.57692307692308,
      "authored_y": 0.0,
      "cpp": {
        "distance_to_authored": 6.7785119939460925,
        "strength": 1.239184524749816,
        "x": 100.0,
        "y": 5.0
      },
      "feature_index": 7,
      "kind": "wave_train",
      "location_delta": 0.0,
      "pyclaw": {
        "distance_to_authored": 6.7785119939460925,
        "strength": 1.2391845247498132,
        "x": 100.0,
        "y": 5.0
      },
      "reference": {
        "distance_to_authored": 6.7785119939460925,
        "strength": 1.2391845247498132,
        "x": 100.0,
        "y": 5.0
      },
      "reference_solver": "geoclaw",
      "strength_delta": 2.886579864025407e-15
    }
  ],
  "feature_count": 8,
  "max_abs_strength_delta": 1.6425722826340916e-07,
  "max_location_delta": 0.0,
  "scenario_id": "american_south_fork_chili_bar_to_coloma_low_runnable_beginner"
}