time,h,eta,u,v,hu,hv,wet,froude
0.0,1.274032711982727,0.6290515694526152,1.4635934914147655,0.01695206550522622,1.8646659851074219,0.0215974859893322,1.0,0.4140233218768221
2.0,1.2550758123397827,0.6100946698096709,1.502035221320286,0.06212711354564096,1.8851680755615234,0.07797423750162125,1.0,0.42843191338400294
4.0,1.6506422758102417,1.00566113328013,0.5002362314305376,-0.19114260686980644,0.8257110714912415,-0.31550806760787964,1.0,0.13307829342633828
6.0,1.6002042293548584,0.9552230868247465,1.0518297556983336,0.0735800996477368,1.6831424236297607,0.11774318665266037,1.0,0.2661235360786629
8.0,1.6564233303070068,1.011442187776895,0.466000786177214,0.25327047274122666,0.7718945741653442,0.41952311992645264,1.0,0.1315729918515901
