time,h,eta,u,v,hu,hv,wet,froude
0.0,1.2590651512145996,1.2118760878533024,1.4135333319951782,0.46333353658144005,1.7797305583953857,0.583367109298706,1.0,0.4232607582495291
2.0,1.2980538606643677,1.2508647973030704,1.4238873381201806,0.5738511314080944,1.8482824563980103,0.7448896765708923,1.0,0.4302063773958344
4.0,1.354069709777832,1.3068806464165348,1.6259273019238016,-0.10203740329050003,2.2016189098358154,-0.13816575706005096,1.0,0.44699188112845206
6.0,1.277099847793579,1.2299107844322819,1.296854222264538,0.10455593344217215,1.656212329864502,0.13352836668491364,1.0,0.36757936666850227
8.0,1.217790961265564,1.1706018979042667,1.355179754513967,-0.03324491418541362,1.6503256559371948,-0.040485356003046036,1.0,0.3921991692038857
