time,h,eta,u,v,hu,hv,wet,froude
0.0,0.0,2.4293432010243277,0.0,0.0,0.0,0.0,0.0,0.0
2.0,0.06078770011663437,2.490130901140962,0.7358883128092448,-0.46851167949353256,0.0447329580783844,-0.028479747474193573,1.0,1.1296915989395353
4.0,0.042821768671274185,2.472164969695602,0.04907415961939928,0.1801324976743996,0.0021014423109591007,0.007713592145591974,1.0,0.288052670646894
6.0,0.028304453939199448,2.457647654963527,-0.04060020414800421,0.13262395433539104,-0.0011491666082292795,0.0037538486067205667,1.0,0.2632160137409036
8.0,0.019802037626504898,2.4491452386508326,0.0056313508458595875,0.06092748490330951,0.00011151222133776173,0.001206488348543644,1.0,0.13882604982516136
