time,h,eta,u,v,hu,hv,wet,froude
0.0,1.0457645654678345,0.26040121156525653,1.357052013283771,0.16619185001691078,1.4191569089889526,0.17379754781723022,1.0,0.4268522463042839
2.0,1.0174306631088257,0.23206730920624774,0.822242501224688,0.005219336351223054,0.8365747332572937,0.00531031284481287,1.0,0.26026858804204805
4.0,1.0027754306793213,0.21741207677674335,1.0903335635630043,-0.018715779465138038,1.0933597087860107,-0.018767723813652992,1.0,0.34768584236277267
6.0,1.2142585515975952,0.42889519769501727,0.9912722823099569,-0.355424890135313,1.2036608457565308,-0.4315777122974396,1.0,0.30511630874282236
8.0,1.027336597442627,0.241973243540049,0.892343155961923,-0.004385393545040546,0.9167367815971375,-0.004505275283008814,1.0,0.28109055829326174
