time,h,eta,u,v,hu,hv,wet,froude
0.0,1.3111447095870972,0.9934768008798095,1.9034023995063407,-0.08845573068365756,2.495635986328125,-0.11597826331853867,1.0,0.5312993194276234
2.0,1.5667164325714111,1.2490485238641234,1.833632082613979,-0.7290685916072731,2.87278151512146,-1.14224374294281,1.0,0.503331599569858
4.0,1.3505510091781616,1.0328831004708738,2.0279976340872907,0.23374507458265306,2.7389142513275146,0.31568464636802673,1.0,0.560845417610665
6.0,1.2555010318756104,0.9378331231683227,1.8477631684141502,-0.12831172249353537,2.319868564605713,-0.1610954999923706,1.0,0.5277738447100759
8.0,1.3848854303359985,1.0672175216287108,1.729649355385921,0.2557540886789063,2.3953661918640137,0.3541901111602783,1.0,0.47436559838553977
