time,h,eta,u,v,hu,hv,wet,froude
0.0,1.2649688720703125,0.08206673327890601,1.4043336517352023,0.28228863060306875,1.7764383554458618,0.35708633065223694,1.0,0.40662802759563516
2.0,1.2795034646987915,0.09660132590738502,1.443525182905872,0.27213289857231543,1.84699547290802,0.34819498658180237,1.0,0.41462214860978813
4.0,1.3425146341323853,0.15961249534097877,1.6047139412257103,-0.2852556409798089,2.1543519496917725,-0.38295987248420715,1.0,0.4491165532664715
6.0,1.1617870330810547,-0.0211151057103518,1.6936641063779836,0.34966369019768156,1.9676769971847534,0.4062347412109375,1.0,0.5122632718293707
8.0,1.2630422115325928,0.08014007274118629,1.69385963372353,0.1849736474161896,2.139416217803955,0.2336295247077942,1.0,0.4840700166594504
