{
  "cpp": {
    "energy_final": 104421.35528800634,
    "energy_initial": -60446.57865029108,
    "energy_relative_change": 2.7274981912893344,
    "frame_count": 9,
    "froude_max": 4.691177911378592,
    "froude_mean_wet": 1.0677915950143961,
    "hole_retention": {
      "centroid_x": null,
      "centroid_y": null,
      "hole_count": 1,
      "retained_area": 0.0
    },
    "hydraulic_jump": {
      "value": 1.0419026504827624,
      "x": 192.0,
      "y": -13.0
    },
    "mass_final": 17136.753307279967,
    "mass_initial": 6623.744075642948,
    "mass_relative_drift": 1.5871702033742225,
    "solver": "cpp",
    "wave_crest": {
      "value": 5.098163025931516,
      "x": 0.0,
      "y": -19.0
    },
    "wave_trough": {
      "value": -3.311404452545882,
      "x": 124.0,
      "y": -9.0
    }
  },
  "delta": {
    "energy_relative_change_delta": -1.0727194243997928e-08,
    "froude_max_delta": -3.7068256020234e-08,
    "froude_mean_wet_delta": -7.288658565585138e-11,
    "hole_centroid_distance": null,
    "hole_retained_area_delta": 0.0,
    "hydraulic_jump_distance": 0.0,
    "mass_relative_drift_delta": -4.582042523182395e-09,
    "wave_crest_distance": 0.0,
    "wave_trough_distance": 0.0
  },
  "pyclaw": {
    "energy_final": 104421.35558668849,
    "energy_initial": -60446.57844783642,
    "energy_relative_change": 2.7274982020165286,
    "frame_count": 3,
    "froude_max": 4.691177948446848,
    "froude_mean_wet": 1.0677915950872827,
    "hole_retention": {
      "centroid_x": null,
      "centroid_y": null,
      "hole_count": 1,
      "retained_area": 0.0
    },
    "hydraulic_jump": {
      "value": 1.0419026502369049,
      "x": 192.0,
      "y": -13.0
    },
    "mass_final": 17136.75331946738,
    "mass_initial": 6623.744068622589,
    "mass_relative_drift": 1.587170207956265,
    "solver": "geoclaw",
    "wave_crest": {
      "value": 5.098163028202329,
      "x": 0.0,
      "y": -19.0
    },
    "wave_trough": {
      "value": -3.311404454992629,
      "x": 124.0,
      "y": -9.0
    }
  },
  "reference": {
    "energy_final": 104421.35558668849,
    "energy_initial": -60446.57844783642,
    "energy_relative_change": 2.7274982020165286,
    "frame_count": 3,
    "froude_max": 4.691177948446848,
    "froude_mean_wet": 1.0677915950872827,
    "hole_retention": {
      "centroid_x": null,
      "centroid_y": null,
      "hole_count": 1,
      "retained_area": 0.0
    },
    "hydraulic_jump": {
      "value": 1.0419026502369049,
      "x": 192.0,
      "y": -13.0
    },
    "mass_final": 17136.75331946738,
    "mass_initial": 6623.744068622589,
    "mass_relative_drift": 1.587170207956265,
    "solver": "geoclaw",
    "wave_crest": {
      "value": 5.098163028202329,
      "x": 0.0,
      "y": -19.0
    },
    "wave_trough": {
      "value": -3.311404454992629,
      "x": 124.0,
      "y": -9.0
    }
  },
  "reference_solver": "geoclaw",
  "scenario_id": "american_south_fork_chili_bar_to_coloma_high_runnable_advanced_cascading"
}