time,h,eta,u,v,hu,hv,wet,froude
0.0,1.1404614448547363,0.4990473556427112,0.7541429895042105,0.007318933795476145,0.8600710034370422,0.008346961811184883,1.0,0.22547549132854633
2.0,1.1293107271194458,0.48789663790742066,0.8607348301998924,0.005935723469376445,0.9720370769500732,0.006703276187181473,1.0,0.25860592648433567
4.0,1.322169303894043,0.6807552146820178,0.07431769986187198,-0.354610248161599,0.09826058149337769,-0.46885478496551514,1.0,0.10060215076397395
6.0,1.199288249015808,0.557874159803783,0.7391876373397808,0.36548956652540926,0.8864990472793579,0.4383273422718048,1.0,0.24040975824220318
8.0,1.3978471755981445,0.7564330863861194,0.22725785161715956,0.04690912291258599,0.3176717460155487,0.06557178497314453,1.0,0.0626635190624115
