time,h,eta,u,v,hu,hv,wet,froude
0.0,1.1270663738250732,1.081876073012899,0.7283517255982801,0.2381842469388709,0.8209007382392883,0.26844945549964905,1.0,0.23045923562325107
2.0,1.1321557760238647,1.0869654752116904,0.7860900952921863,0.2241296155260739,0.889976441860199,0.25374963879585266,1.0,0.24527678729273392
4.0,1.2486401796340942,1.20344987882192,0.942987313870365,-0.24963534740522875,1.1774518489837646,-0.31170472502708435,1.0,0.27871543842802027
6.0,1.0931824445724487,1.0479921437602744,0.807982995937201,0.2522906609493561,0.8832728266716003,0.2757997214794159,1.0,0.2584778660185734
8.0,1.0876438617706299,1.0424535609584555,0.8127570058938045,0.10390023946115541,0.8839901685714722,0.11300645768642426,1.0,0.2508434988428529
