time,h,eta,u,v,hu,hv,wet,froude
0.0,0.934445858001709,0.1282679288038513,0.6916034546544708,0.08372070623955503,0.646265983581543,0.07823246717453003,1.0,0.23009359540705934
2.0,0.931617796421051,0.12543986722319334,0.4598399624106355,0.06560951430884021,0.4283950924873352,0.061122991144657135,1.0,0.15364890078229645
4.0,0.9055995941162109,0.09942166491835325,0.6819320048652576,0.00803146322936083,0.6175573468208313,0.00727328984066844,1.0,0.22880661628940324
6.0,1.3127143383026123,0.5065364091047546,0.7362479006698786,-0.3997225351680363,0.9664831757545471,-0.5247215032577515,1.0,0.23345283606615613
8.0,0.9422352313995361,0.13605730220167844,0.8028018449294677,0.08639476801869221,0.7564281821250916,0.0814041942358017,1.0,0.2655795249550888
