time,h,eta,u,v,hu,hv,wet,froude
0.0,0.0,2.169343201024327,0.0,0.0,0.0,0.0,0.0,0.0
2.0,0.10129968822002411,2.270642889244351,0.19975224352897064,-0.6920575095390525,0.020234839990735054,-0.07010520994663239,1.0,0.7225702452881647
4.0,0.042127225548028946,2.211470426572356,-0.035429342117096425,-0.27142695885312573,-0.0014925398863852024,-0.0114344647154212,1.0,0.42579999449619865
6.0,0.03176248073577881,2.201105681760106,0.03304680492169057,-0.016239279264819304,0.001049648504704237,-0.0005157997948117554,1.0,0.06596400040951464
8.0,0.024241173639893532,2.1935843746642205,0.07380549351521214,0.04936074658487407,0.0017891317838802934,0.001196562428958714,1.0,0.1820768206266944
