time,h,eta,u,v,hu,hv,wet,froude
0.0,1.1760705709457397,0.8665009675243253,0.9688624963826308,-0.046960792151917854,1.1394506692886353,-0.05522920563817024,1.0,0.2855752103047059
2.0,1.2160749435424805,0.906505340121066,0.9878738490542659,-0.10557189680876009,1.2013286352157593,-0.1283833384513855,1.0,0.2876422911745391
4.0,1.1383206844329834,0.8287510810115689,1.0660516166949037,0.29510999456902276,1.2135086059570312,0.335929811000824,1.0,0.3310130383894629
6.0,1.1910256147384644,0.8814560113170499,1.412173318772297,-0.08812362207884719,1.6819345951080322,-0.10495749115943909,1.0,0.4139395290464708
8.0,1.3818432092666626,1.0722736058452482,0.9041708230023427,0.20375929724447778,1.249422311782837,0.281563401222229,1.0,0.25173493800899804
