time,h,eta,u,v,hu,hv,wet,froude
0.0,1.1323511600494385,-0.047933276214499054,0.7236113845360228,0.14490302773493632,0.8193821907043457,0.16408111155033112,1.0,0.22142051995833406
2.0,1.143457055091858,-0.03682738117207962,0.786539280128165,0.14587669188938757,0.8993738889694214,0.1668037325143814,1.0,0.23884699559596884
4.0,1.2400563955307007,0.05977195926676315,1.0137775638516962,-0.4127337321087251,1.257141351699829,-0.5118131041526794,1.0,0.31382695259149157
6.0,1.1019248962402344,-0.07835954002370316,1.164682630693443,0.3963835148496,1.2833927869796753,0.43678486347198486,1.0,0.3741931648298066
8.0,1.1244750022888184,-0.05580943397511917,0.9489321281743028,0.19696320967943703,1.0670504570007324,0.22148020565509796,1.0,0.2917998431221019
