{
	"schema": "raftsim.flexible_raft.d6_ue_fixture_telemetry.v1",
	"runtime_id": "ue_rigid_baseline",
	"target_id": "unreal_chaos_rigid_baseline",
	"fixture_id": "timed_high_side_save",
	"engine_version": "UnrealEngine 5.8.0-55116800+++UE5+Release-5.8 SmokeEmIfYouGotEm A-3 flexible-raft C++ port",
	"fixed_step_s": 0.033333333333333333,
	"channels":
	{
		"tube.pressure_pa":
		{
			"port_0": 18726.392328601632,
			"port_1": 21348.515554213227,
			"port_2": 18726.392328601632,
			"port_3": 18570.842645726367,
			"bow_0": 21988.595352016404,
			"bow_1": 18947.696514012303,
			"starboard_3": 21348.515554213227,
			"starboard_2": 18993.04892781637,
			"starboard_1": 21348.515554213227,
			"starboard_0": 18873.053458169736,
			"stern_1": 22424.446343130556,
			"stern_0": 18686.185919343814
		},
		"tube.volume_m3":
		{
			"port_0": 0.2647734288445478,
			"port_1": 0.2647734288445478,
			"port_2": 0.2647734288445478,
			"port_3": 0.2647734288445478,
			"bow_0": 0.23398582083936784,
			"bow_1": 0.23398582083936784,
			"starboard_3": 0.2647734288445478,
			"starboard_2": 0.2647734288445478,
			"starboard_1": 0.2647734288445478,
			"starboard_0": 0.2647734288445478,
			"stern_1": 0.23398582083936784,
			"stern_0": 0.23398582083936784
		},
		"tube.freeboard_loss_m":
		{
			"port_0": 0,
			"port_1": 0,
			"port_2": 0,
			"port_3": 0,
			"bow_0": 0,
			"bow_1": 0,
			"starboard_3": 0,
			"starboard_2": 0,
			"starboard_1": 0,
			"starboard_0": 0,
			"stern_1": 0,
			"stern_0": 0
		},
		"tube.floor_load_n":
		{
			"port_0": 50.358000000000004,
			"port_1": 50.358000000000004,
			"port_2": 50.358000000000004,
			"port_3": 50.358000000000004,
			"bow_0": 50.358000000000004,
			"bow_1": 50.358000000000004,
			"starboard_3": 50.358000000000004,
			"starboard_2": 50.358000000000004,
			"starboard_1": 50.358000000000004,
			"starboard_0": 50.358000000000004,
			"stern_1": 50.358000000000004,
			"stern_0": 50.358000000000004
		},
		"tube.lacing_load_n":
		{
			"port_0": 44.144999999999996,
			"port_1": 0,
			"port_2": 44.144999999999996,
			"port_3": 44.144999999999996,
			"bow_0": 0,
			"bow_1": 88.289999999999992,
			"starboard_3": 0,
			"starboard_2": 88.289999999999992,
			"starboard_1": 0,
			"starboard_0": 94.175999999999988,
			"stern_1": 0,
			"stern_0": 50.030999999999999
		},
		"overwash.overtopping_flux_m3_s":
		{
			"port_0": 0,
			"port_1": 0,
			"port_2": 0,
			"port_3": 0,
			"bow_0": 0,
			"bow_1": 0,
			"starboard_3": 0.20682999999999999,
			"starboard_2": 0.20682999999999999,
			"starboard_1": 0.20682999999999999,
			"starboard_0": 0.20682999999999999,
			"stern_1": 0,
			"stern_0": 0
		},
		"overwash.entrained_water_side":
		{
			"port": 0,
			"starboard": 0.057598270195946204,
			"bow": 0,
			"stern": 0
		},
		"contact.max_indentation_m": 0,
		"contact.min_release_margin_n": 0,
		"combined_roll_moment_nm": 1087.1035540911207
	},
	"metrics":
	{
		"high_side_flip_margin_nm": 1765.9360330370259,
		"high_side_flip_threshold_nm": 2302.7231121281466,
		"margin_delta_nm": 222.94299103702588,
		"neutral_flip_margin_nm": 1542.9930420000001,
		"neutral_flip_threshold_nm": 1800
	}
}